"Item","Plat","Status"
"Primed Chamber","114513","Offline"
"Lith W1 Exceptional","99998","Offline"
"Vay Hek Frequency Triangulator","999","Offline"
"Arcane Coil Mag Helmet","999","Online"
"Munitions Vortex","559","Online"
"Split Flights","500","Buying"
"Spectra Vandal Set","499","Online"
"Arcane Vanguard Rhino Helmet","448","Online"
"Helminth Ferocity","400","Buying"
"Corpus Void Key","399","Offline"
"Void Hole","384","Online"
"Arcane Pendragon Excalibur Helmet","374","Online"
"Arcane Squall Frost Helmet","299","Online"
"Axi E1 Flawless","299","Offline"
"Arcane Menticide Nyx Helmet","299","Online"
"Arcane Locust Ash Helmet","289","Online"
"Arcane Storm Volt Helmet","287","Online"
"Loki Prime Set","249","Online"
"Dog Days Scene","248","Online"
"Braton Vandal Set","248","Online"
"Arcane Swindle Loki Helmet","238","Online"
"Virtuos Forge","199","Online"
"Arcane Chorus Banshee Helmet","199","Online"
"Explosive Demise","199","Online"
"Primed Bane of Corpus","199","Online"
"Broken War Set","196","Online"
"Dual Kamas Prime Set","194","Online"
"Loki Prime Systems","189","Online"
"Aksomati Prime Set","188","Online"
"Inaros Tomb Scene","184","Online"
"Warhead (Zetki)","179","Online"
"Argon Scope","178","Online"
"Nekros Prime Set","177","Online"
"Arcane Vespa Nyx Helmet","174","Online"
"Braton Vandal Blueprint","174","Online"
"Volt Prime Set","169","Online"
"Primed Shotgun Ammo Mutation","164","Online"
"Arcane Aura Trinity Helmet","158","Online"
"Xiphos Set","150","Offline"
"Lua Madurai Lens","149","Online"
"Frost Prime Set","149","Online"
"Primed Smite Grineer","149","Online"
"Arcane Esprit Vauban Helmet","149","Online"
"Legendary Fusion Core","149","Online"
"Meso N1 Radiant","149","Offline"
"Ivara Prime Set","148","Online"
"Primed Smite Corrupted","144","Online"
"Lato Vandal Set","144","Online"
"Ember Prime Set","138","Online"
"Maiming Strike","138","Online"
"Baza Prime Set","138","Online"
"Lua Vazarin Lens","134","Online"
"Arcane Gauss Mag Helmet","134","Online"
"Rhino Prime Set","134","Online"
"Lua Zenurik Lens","129","Online"
"Magus Drive","129","Online"
"Magus Destruct","129","Online"
"Searing Steel","129","Online"
"Lua Naramon Lens","129","Online"
"Arcane Hemlock Saryn Helmet","128","Online"
"Primed Smite Corpus","124","Online"
"Arcane Energize","119","Online"
"Eidolon Unairu Lens","119","Online"
"Shedu Set","119","Online"
"Magus Accelerant","119","Online"
"Lua Unairu Lens","119","Online"
"Nova Prime Set","109","Online"
"Eidolon Zenurik Lens","109","Online"
"Neo S4 Intact","101","Buying"
"Primed Smite Infested","99","Online"
"Lunaro Arena Scene","99","Offline"
"Primed Pistol Mutation","99","Online"
"Winged Cyclone (Zetki)","99","Online"
"Tekko Prime Set","99","Online"
"Primed Expel Corpus","99","Online"
"Meticulous Aim","99","Online"
"Meso F3 Flawless","99","Offline"
"Bo Prime Set","99","Online"
"Axi N6 Exceptional","99","Offline"
"Frost Prime Blueprint","99","Online"
"Primed Bane of Corrupted","99","Online"
"Arcane Grace","99","Online"
"Sentient Fountain Scene","99","Online"
"Primed Bane of Grineer","99","Online"
"Nano-Applicator","99","Online"
"Arcane Chlora Saryn Helmet","99","Online"
"Vauban Prime Set","99","Online"
"Arcane Essence Loki Helmet","99","Online"
"Delta Beacon","99","Online"
"Trinity Prime Set","98","Online"
"Sabot Rounds","96","Online"
"Mag Prime Set","96","Online"
"Conic Nozzle (Zetki)","94","Online"
"Prisma Veritux","89","Online"
"Nova Prime Chassis","89","Online"
"Magus Glitch","89","Online"
"Hydroid Prime Set","89","Online"
"Saryn Prime Set","89","Online"
"Dual Kamas Prime Blade","89","Online"
"Arcane Phoenix Ember Helmet","89","Online"
"Arcane Meridian Trinity Helmet","89","Online"
"Venka Prime Set","89","Online"
"Glaive Prime Set","89","Online"
"Akvasto Prime Set","89","Online"
"Arcane Pulse Volt Helmet","89","Online"
"Oberon Prime Set","88","Online"
"Hydroid Prime Systems","86","Online"
"Wyrm Prime Set","84","Online"
"Eidolon Naramon Lens","84","Online"
"Spectra Vandal Chassis","83","Online"
"Xiphos Fuselage","79","Offline"
"Orokin Derelict Plaza Scene","79","Online"
"Bulkhead (Zetki)","79","Online"
"Soma Prime Set","79","Online"
"Blackout Pulse","79","Online"
"Reaper Prime Set","79","Online"
"Axi V8 Radiant","79","Offline"
"Spira Prime Set","79","Online"
"Cressa's Garrison Scene","78","Online"
"Exodia Valor","78","Online"
"Cetus Scene","78","Online"
"Mara Detron","74","Online"
"Eidolon Vazarin Lens","74","Online"
"Prisma Obex","74","Online"
"Prisma Skana","74","Online"
"Prova Vandal","74","Online"
"Eidolon Madurai Lens","74","Online"
"Prisma Gorgon","74","Online"
"Primed Expel Corrupted","74","Online"
"Oberon Prime Systems","74","Online"
"Primed Pack Leader","74","Online"
"Arcane Reverb Banshee Helmet","74","Online"
"Banshee Prime Set","73","Online"
"Nekros Prime Blueprint","73","Online"
"Vulkar Wraith","72","Online"
"Lato Vandal Barrel","69","Online"
"Singularity","69","Offline"
"Meso C1 Radiant","69","Online"
"Pathocyst Set","69","Online"
"Arcane Gambit Vauban Helmet","69","Online"
"Ankyros Prime Set","69","Online"
"Spectra Vandal Barrel","69","Online"
"Searing Leap","69","Offline"
"Venomous Rise","69","Offline"
"Atlas Prime Set","69","Online"
"Arcane Backdraft Ember Helmet","69","Online"
"Ash Prime Set","69","Online"
"Sapping Reach","69","Offline"
"Phaedra Set","69","Online"
"Shield Overload","69","Offline"
"Recover","69","Offline"
"Neo S4 Radiant","69","Buying"
"Primed Fast Hands","69","Online"
"Hysterical Fixation","69","Offline"
"Momentary Pause","69","Offline"
"Tear Gas","69","Offline"
"Neo S4 Exceptional","69","Buying"
"Jolt","69","Online"
"Nyx Prime Set","69","Online"
"Rime Vault","69","Offline"
"Vanquished Prey","69","Offline"
"Machete Wraith","69","Online"
"Neo S4 Flawless","69","Buying"
"Nami Skyla Prime Set","69","Online"
"Primed Fever Strike","69","Online"
"Primed Bane of Infested","68","Online"
"Amesha Systems","68","Offline"
"Amesha Wings","68","Offline"
"Primed Expel Grineer","68","Online"
"Amesha Harness","68","Offline"
"Primed Quickdraw","68","Online"
"Teshin's Refuge Scene","68","Offline"
"Valkyr Prime Set","68","Online"
"Kinetic Diversion","68","Online"
"Prisma Grinlok","66","Online"
"Baza Prime Stock","64","Online"
"Boar Prime Set","64","Online"
"Cyngas Set","64","Online"
"Primed Pistol Gambit","64","Online"
"High Voltage","64","Online"
"Prisma Tetra","64","Online"
"Prisma Angstrum","64","Online"
"Agkuza Set","64","Online"
"Predator (Zetki)","64","Online"
"Saryn Prime Chassis","64","Online"
"Weeping Wounds","64","Online"
"Primed Cryo Rounds","64","Online"
"Centaur Set","64","Online"
"Spectra Vandal Handle","64","Offline"
"Wolf Sledge Set","63","Online"
"Akstiletto Prime Set","63","Online"
"Astral Autopsy","63","Online"
"Prisma Dual Cleavers","59","Online"
"Dual Decurion Set","59","Online"
"Arcane Aurora Frost Helmet","59","Online"
"Mag Prime Blueprint","59","Online"
"Bullet Dance","59","Online"
"Axi L4 Radiant","59","Online"
"Velocitus Set","59","Online"
"Rhino Prime Blueprint","59","Online"
"Battle Stations","59","Online"
"Hull Weave (Zetki)","59","Online"
"Arcane Thrak Rhino Helmet","59","Online"
"Braton Vandal Stock","59","Online"
"Amesha Set","59","Online"
"Axi L4 Intact","59","Offline"
"Primed Flow","59","Online"
"Fluctus Set","59","Online"
"Prisma Twin Gremlins","59","Online"
"Primed Regen","59","Online"
"Sacrificial Pressure","59","Offline"
"Nekros Prime Systems","59","Online"
"Volt Prime Neuroptics","59","Online"
"Axi L1 Radiant","59","Online"
"Primed Target Cracker","59","Online"
"Lith N1 Radiant","59","Offline"
"Meso E1 Radiant","59","Online"
"Detect Vulnerability","58","Online"
"Spring-Loaded Blade","58","Online"
"Euphona Prime Receiver","58","Online"
"Sicarus Prime Set","58","Online"
"Neo N5 Radiant","54","Offline"
"Kronen Prime Set","54","Online"
"Lith F1 Radiant","54","Offline"
"Neo V1 Radiant","54","Offline"
"Ivara Prime Systems","54","Online"
"Plains of Eidolon Scene","54","Online"
"Prisma Grakata","54","Online"
"Primed Continuity","54","Online"
"Dethcube Prime Set","54","Online"
"Magma Chamber","54","Online"
"Neo B1 Radiant","54","Offline"
"Tigris Prime Set","53","Online"
"Euphona Prime Set","53","Online"
"Voltaic Strike","53","Online"
"Wukong Prime Set","51","Online"
"Signal Flare","50","Buying"
"Axi S1 Flawless","50","Offline"
"Spectra Vandal Blueprint","49","Offline"
"Odonata Prime Set","49","Online"
"Neo S11 Radiant","49","Offline"
"Meso F3 Radiant","49","Online"
"Neo S13 Exceptional","49","Offline"
"Elytron Set","49","Online"
"Secura Lecta","49","Online"
"Grineer Settlement Reactor Scene","49","Online"
"Latron Prime Set","49","Online"
"Axi C1 Radiant","49","Offline"
"Ventkids Clubhouse Scene","49","Online"
"Kuva Throne Scene","49","Online"
"Viper Wraith","49","Online"
"Sacrificial Steel","49","Offline"
"Strun Wraith Set","49","Online"
"Section Density (Vidar)","49","Online"
"Tigris Prime Blueprint","49","Online"
"Arch-gun Riven Mod (Veiled)","49","Online"
"Vectis Prime Set","49","Online"
"Ancient Fusion Core","49","Offline"
"Primed Reach","49","Online"
"Axi H1 Radiant","49","Offline"
"Recuperate","49","Offline"
"Neo S1 Intact","49","Online"
"Orokin Tower Extraction Scene","49","Offline"
"Aksomati Prime Link","49","Online"
"Axi V1 Radiant","49","Online"
"Anode Cell (Lavan)","49","Online"
"Helios Prime Cerebrum","49","Online"
"Neo N1 Radiant","49","Offline"
"Reawaken","49","Online"
"Helios Prime Set","49","Online"
"Primed Rifle Ammo Mutation","49","Online"
"Axi N5 Intact","49","Online"
"Narrow Barrel","49","Online"
"Hyperstrike (Zetki)","49","Online"
"Onkko's Command Post Scene","49","Online"
"Fulmination","48","Online"
"Mesa Prime Set","48","Online"
"Aklex Prime Set","48","Online"
"Nikana Prime Set","48","Online"
"Looter","48","Online"
"Ember Prime Blueprint","47","Online"
"Limbo Prime Set","47","Online"
"Health Conversion","47","Online"
"Melee Riven Mod (Veiled)","47","Online"
"Winged Storm (Lavan)","46","Offline"
"Dual Rounds","46","Online"
"Itzal Set","46","Online"
"Vigilante Supplies","46","Online"
"Power of Three","45","Buying"
"Stand Ground","45","Buying"
"Calculated Victory","45","Buying"
"Akvasto Prime Blueprint","44","Online"
"Condition Overload","44","Online"
"Aklex Prime Link","44","Online"
"Boltor Prime Set","44","Online"
"Heartseeker","44","Offline"
"Martial Fury","44","Offline"
"Broken War Blade","44","Online"
"Hyperflux (Zetki)","44","Online"
"Shell Shock","44","Online"
"Sword Alone","44","Offline"
"Supra Vandal","44","Online"
"Primed Animal Instinct","44","Online"
"Kaszas Set","44","Online"
"Kappa Beacon","44","Online"
"Critical Focus","44","Online"
"Imperator Vandal Set","44","Online"
"Energy Generator","44","Online"
"Shotgun Riven Mod (Veiled)","44","Online"
"Mirage Prime Set","44","Online"
"Vasto Prime Set","44","Online"
"Primed Heated Charge","44","Online"
"Onorix Set","44","Online"
"Neo V4 Radiant","44","Offline"
"Galatine Prime Blueprint","44","Online"
"Quick Charge","44","Offline"
"Meso S3 Radiant","44","Offline"
"Equinox Prime Set","44","Online"
"Axi N2 Radiant","44","Offline"
"Primed Charged Shell","44","Online"
"Ninkondi Prime Set","43","Online"
"Negate","43","Online"
"Antimatter Mine","42","Buying"
"Tipedo Prime Set","39","Online"
"Akjagara Prime Set","39","Online"
"Nyx Prime Neuroptics","39","Online"
"Primed Point Blank","39","Online"
"Pennant Blueprint","39","Online"
"Predator (Vidar)","39","Online"
"Cernos Prime Set","39","Online"
"Karak Wraith Set","39","Online"
"Primed Slip Magazine","39","Online"
"Meso M1 Radiant","39","Offline"
"Scimitar Set","39","Online"
"Overcharged","39","Offline"
"Ambush","39","Online"
"Neo R1 Flawless","39","Offline"
"Neo R1 Radiant","39","Online"
"Banshee Prime Systems","39","Online"
"Corvas Set","39","Online"
"Quanta Vandal","39","Online"
"Chroma Prime Set","39","Online"
"Sentient Concourse Scene","39","Offline"
"Neo G2 Radiant","39","Offline"
"Primed Expel Infested","39","Online"
"Sacrifice","39","Online"
"Axi N1 Radiant","39","Offline"
"Sancti Magistar","39","Online"
"Growing Power","39","Online"
"Hammer Shot","39","Online"
"Bulkhead (Vidar)","39","Online"
"Energy Conversion","39","Online"
"Neo B3 Intact","39","Online"
"Meso F2 Radiant","39","Offline"
"Arcane Flux Nova Helmet","39","Online"
"Lua Containment Scene","39","Offline"
"Meso F2 Exceptional","39","Offline"
"Chamber Of The Lotus Scene","39","Offline"
"Kogake Prime Set","39","Online"
"Akbolto Prime Set","39","Online"
"Telos Boltor","39","Online"
"Axi R1 Intact","39","Offline"
"Wolf Sledge Motor","38","Online"
"Pathocyst Blade","38","Online"
"Electrified Barrel","38","Online"
"Axi V9 Intact","38","Online"
"Axi K2 Radiant","38","Offline"
"Augur Secrets","38","Online"
"Lato Vandal Blueprint","38","Online"
"Silva & Aegis Prime Set","38","Online"
"Primed Pressure Point","38","Online"
"Hyperstrike (Vidar)","37","Online"
"Redeemer Prime Set","37","Online"
"Pressurized Magazine","37","Online"
"Twin Vipers Wraith Set","37","Online"
"Galatine Prime Set","37","Online"
"Tekko Prime Blade","36","Online"
"Volt Prime Chassis","34","Online"
"Rathbone Set","34","Online"
"Strun Wraith Blueprint","34","Online"
"Valkyr Prime Chassis","34","Online"
"Gladiator Vice","34","Online"
"Venka Prime Gauntlet","34","Online"
"Bo Prime Ornament","34","Online"
"Axi V4 Radiant","34","Offline"
"Meso V3 Radiant","34","Offline"
"Telos Boltace","34","Online"
"Synoid Heliocor","34","Online"
"Neo A1 Radiant","34","Offline"
"Synoid Gammacor","34","Online"
"Nekros Prime Neuroptics","34","Online"
"Carrier Prime Set","34","Online"
"Energy Amplifier","34","Online"
"Harrow's Temple Scene","34","Online"
"Color Key Scene","34","Offline"
"Amaryn's Retreat Scene","34","Online"
"Empowered Blades","34","Online"
"Ergo's Boardroom Scene","34","Online"
"Quick Reload","34","Offline"
"Sanctuary Conduit Scene","34","Online"
"Vengeful Revenant","34","Online"
"Out Of Sight","34","Online"
"Grineer Shipyards Manufactory Scene","34","Online"
"Corpus Gas City Conduit Scene","34","Online"
"Axi S2 Radiant","34","Online"
"Veil's Binding Scene","34","Online"
"Rakta Cernos","34","Online"
"Ion Burn (Lavan)","34","Online"
"Medi-Ray","34","Online"
"Scindo Prime Set","34","Online"
"Xiphos Avionics","34","Online"
"Meso S4 Radiant","34","Offline"
"Axi B1 Radiant","34","Offline"
"Shell Rush","34","Online"
"Meso S2 Radiant","34","Offline"
"Axi O1 Radiant","34","Offline"
"Mycona Colony Scene","34","Online"
"Silver Grove Shrine Scene","34","Online"
"Hunhow's Chamber Scene","34","Online"
"Boar Prime Stock","34","Online"
"Rakta Dark Dagger","33","Online"
"Secura Penta","33","Online"
"Neo G1 Radiant","33","Offline"
"Rakta Ballistica","33","Online"
"Secura Dual Cestra","33","Online"
"Wolf Sledge Blueprint","33","Online"
"Vauban Prime Systems","33","Online"
"Dakra Prime Set","33","Online"
"Sancti Castanas","32","Online"
"Sicarus Prime Receiver","32","Online"
"Reaper Prime Handle","32","Online"
"Blaze","31","Online"
"Ripper Rounds","30","Buying"
"Zephyr Prime Set","29","Online"
"Infested Ship Bridge Scene","29","Online"
"Shedu Chassis","29","Online"
"Neo K1 Radiant","29","Offline"
"Ballistica Prime Set","29","Online"
"Shedu Receiver","29","Online"
"Piercing Caliber","29","Online"
"Sheev Set","29","Online"
"Overcharge Detectors","29","Offline"
"Meso D1 Intact","29","Online"
"Soma Prime Stock","29","Online"
"Corpus Ice Planet Wreckage Scene","29","Offline"
"Winged Cyclone (Lavan)","29","Offline"
"Suda's Datascape Scene","29","Offline"
"Axi A1 Radiant","29","Offline"
"Telos Akbolto","29","Online"
"Arcane Avalon Excalibur Helmet","29","Online"
"Relentless Assault","29","Offline"
"Neo S5 Radiant","29","Offline"
"Sybaris Prime Set","29","Online"
"Maxima (Zetki)","29","Online"
"Nikana Prime Hilt","29","Online"
"Boltor Prime Blueprint","29","Online"
"Kavasa Prime Collar Set","29","Online"
"Meso F3 Intact","29","Online"
"Axi N2 Exceptional","29","Offline"
"Axi L1 Intact","29","Offline"
"Lith G2 Radiant","29","Offline"
"Xiphos Engines","29","Online"
"Glaive Prime Blueprint","29","Online"
"Final Act","29","Online"
"Voltaic Lance","29","Offline"
"Fiery Phoenix","29","Online"
"Neo T1 Radiant","29","Offline"
"Lith S3 Radiant","29","Offline"
"Blood for Energy","29","Online"
"Neo T2 Radiant","29","Offline"
"Rifle Riven Mod (Veiled)","29","Online"
"Axi V2 Exceptional","29","Offline"
"Wyrm Prime Carapace","29","Online"
"Speed Holster","29","Online"
"Redeemer Prime Handle","29","Online"
"Neo A3 Radiant","29","Offline"
"Primed Morphic Transformer","29","Online"
"Axi V8 Intact","29","Offline"
"Latron Wraith Set","29","Online"
"Axi A1 Exceptional","29","Offline"
"Neo N2 Radiant","29","Offline"
"Primed Ravage","29","Online"
"Vaykor Sydon","29","Online"
"Aerodynamic","29","Online"
"Ivara Prime Chassis","29","Online"
"Smeeta Kavat Imprint","29","Online"
"Companion Rifle Riven Mod (Veiled)","29","Online"
"Atlas Prime Neuroptics","29","Online"
"Limbo Prime Chassis","29","Online"
"Sancti Tigris","29","Online"
"Mirage Prime Blueprint","29","Online"
"Deceptive Bond","29","Offline"
"Ablative Shell (Vidar)","28","Online"
"Vauban Prime Neuroptics","28","Online"
"Elytron Wings","28","Offline"
"Zhuge Prime Set","28","Online"
"Electro Pulse","28","Online"
"Volt Prime Blueprint","28","Online"
"Power Donation","28","Online"
"Shedu Handle","28","Online"
"Shock Collar","27","Online"
"Rhino Prime Chassis","27","Online"
"Winged Storm (Zetki)","26","Online"
"Wukong Prime Systems","26","Online"
"Trinity Prime Blueprint","26","Online"
"Shedu Barrel","26","Online"
"Prism Guard","25","Buying"
"Recharge Barrier","25","Buying"
"Purging Slash","25","Buying"
"Rumbled","25","Buying"
"Defiled Reckoning","25","Buying"
"Push & Pull","25","Buying"
"Axi L1 Exceptional","25","Buying"
"Ward Recovery","25","Buying"
"Prize Kill","25","Buying"
"Discharge Strike","25","Buying"
"Purifying Flames","25","Buying"
"Countermeasures","24","Online"
"Rhino Prime Neuroptics","24","Online"
"Anticipation","24","Offline"
"Odomedic","24","Online"
"Axi G1 Radiant","24","Offline"
"Neo V8 Radiant","24","Online"
"Axi N4 Intact","24","Online"
"Fortuna Scene","24","Offline"
"Lith O2 Radiant","24","Online"
"Lith V1 Radiant","24","Offline"
"Reflex Draw","24","Online"
"Hikou Prime Pouch","24","Online"
"Axi V1 Intact","24","Online"
"Itzal Wings","24","Online"
"Broken War Hilt","24","Online"
"Charged Bullets","24","Online"
"Vaykor Marelok","24","Online"
"Mesa Prime Systems","24","Online"
"Cautious Shot","24","Online"
"Apex Predator","24","Offline"
"Trinity Prime Neuroptics","24","Online"
"Meso S5 Radiant","24","Offline"
"Axi H3 Radiant","24","Offline"
"Arcane Aegis","24","Online"
"Dera Vandal Set","24","Online"
"Scimitar Engines","24","Online"
"Meso Z2 Radiant","24","Online"
"Neo S10 Radiant","24","Offline"
"Ash Prime Systems","24","Online"
"Contamination Casing","24","Online"
"Synoid Simulor","24","Online"
"Volt Prime Systems","24","Online"
"Elytron Systems","24","Online"
"Meso S6 Radiant","24","Offline"
"Meso V4 Radiant","24","Offline"
"Axi T1 Radiant","24","Offline"
"Meso B2 Radiant","24","Offline"
"Neo Z5 Exceptional","24","Offline"
"Axi V5 Radiant","24","Offline"
"Axi A9 Radiant","24","Online"
"Tether","24","Online"
"Axi H2 Radiant","24","Offline"
"Particle Ram","24","Online"
"Silva & Aegis Prime Guard","24","Online"
"Aksomati Prime Receiver","24","Online"
"Form Up","24","Online"
"Axi G3 Radiant","24","Offline"
"Lith G2 Intact","24","Online"
"Neo V8 Intact","24","Online"
"Axi A4 Radiant","24","Offline"
"Lith M1 Radiant","24","Offline"
"Meso F1 Intact","24","Online"
"Predator (Lavan)","24","Online"
"Quellor Blueprint","24","Online"
"Meso C4 Radiant","24","Offline"
"Rubico Prime Set","24","Online"
"Meso D2 Radiant","23","Offline"
"Acid Shells","23","Online"
"Dead Eye","23","Online"
"Meso T3 Radiant","23","Offline"
"Spring-Loaded Broadhead","23","Online"
"Arcane Barrier","23","Online"
"Cyclone Kraken","23","Online"
"Ivara Prime Blueprint","23","Online"
"Meso S9 Radiant","23","Offline"
"Orb Vallis Scene","23","Offline"
"Axi N3 Intact","23","Online"
"Arcane Guardian","23","Online"
"Meso B3 Radiant","22","Offline"
"Hypothermic Shell","22","Online"
"Ember Prime Systems","22","Online"
"Inertia Dampeners","22","Online"
"Sprint Boost","21","Online"
"Meso S3 Intact","21","Online"
"Meso O3 Intact","21","Online"
"Axi V4 Intact","21","Online"
"Axi L4 Flawless","20","Buying"
"Cernos Prime Lower Limb","20","Online"
"Armored Acrobatics","20","Buying"
"Anti-Flak Plating","20","Buying"
"Axi L4 Exceptional","20","Buying"
"Armored Evade","20","Buying"
"Imperator Vandal Receiver","20","Online"
"Meteor Munitions","20","Buying"
"Trinity Prime Chassis","19","Online"
"Axi R3 Radiant","19","Offline"
"Mantis Set","19","Online"
"Arcane Scorpion Ash Helmet","19","Online"
"Meso E3 Radiant","19","Offline"
"Axi T3 Radiant","19","Offline"
"Grendel Neuroptics Locator","19","Offline"
"Quick Escape","19","Online"
"Neo V1 Intact","19","Online"
"Vasca Kavat Imprint","19","Online"
"Lua Lens Blueprint","19","Online"
"Meso E2 Radiant","19","Online"
"Lua Nursery Scene","19","Offline"
"Fleeting Expertise","19","Online"
"Meso S4 Intact","19","Online"
"Toxic Sequence","19","Online"
"Gale Kick","19","Online"
"Meso M1 Intact","19","Offline"
"Axi O3 Radiant","19","Offline"
"Meso N2 Radiant","19","Offline"
"Neo F1 Radiant","19","Offline"
"Neo N7 Radiant","19","Offline"
"Gram Prime Set","19","Online"
"Peculiar Bloom","19","Online"
"Peculiar Growth","19","Online"
"Hyperstrike (Sigma)","19","Online"
"Security Override","19","Offline"
"Axi V3 Intact","19","Offline"
"Frost Prime Systems","19","Online"
"Anti-Grav Array","19","Online"
"Entropy Detonation","19","Online"
"Aero Agility","19","Online"
"Equinox Prime Systems","19","Online"
"Strain Eruption","19","Online"
"Loot Detector","19","Online"
"Icy Avalanche","19","Online"
"Neo S13 Intact","19","Online"
"Neo S2 Intact","19","Online"
"Meso S3 Flawless","19","Offline"
"Zambuka Ayatan Sculpture","19","Online"
"Neo N5 Intact","19","Offline"
"Adaptation","19","Online"
"Thrash Landing","19","Online"
"Requiem I Radiant","19","Online"
"Axi M1 Radiant","19","Offline"
"Meso N6 Exceptional","19","Offline"
"Magus Overload","19","Online"
"Lith A1 Radiant","19","Offline"
"Entropy Flight","19","Online"
"Grendel Systems Locator","19","Offline"
"Tiberon Prime Set","19","Online"
"Axi B2 Radiant","19","Offline"
"Destreza Prime Set","19","Online"
"Stradavar Prime Set","19","Online"
"Ember Prime Chassis","19","Online"
"Lith O2 Exceptional","19","Offline"
"Lith V3 Exceptional","19","Offline"
"Baza Prime Blueprint","19","Online"
"Axi E2 Radiant","19","Offline"
"Kavasa Prime Collar Buckle","19","Online"
"Axi S5 Radiant","19","Offline"
"Aksomati Prime Barrel","19","Online"
"Lith K1 Radiant","19","Offline"
"Meso N8 Radiant","19","Offline"
"Karak Wraith Stock","19","Online"
"Latron Prime Stock","19","Online"
"Strun Wraith Stock","19","Online"
"Itzal Systems","19","Online"
"Rejuvenation","19","Online"
"Section Density (Zetki)","19","Online"
"Exodia Brave","19","Online"
"Vaykor Hek","19","Online"
"Primed Heavy Trauma","19","Online"
"Lock and Load","19","Online"
"Meso H1 Radiant","19","Offline"
"Omega Beacon","19","Online"
"Intruder Stasis","19","Online"
"Fragor Prime Set","19","Online"
"Axi E1 Exceptional","19","Offline"
"Wyrm Prime Systems","19","Online"
"Meso C2 Intact","19","Offline"
"Polar Coil (Lavan)","19","Offline"
"Neo H1 Radiant","19","Offline"
"Meso S2 Intact","19","Online"
"Gamma Beacon","19","Online"
"Exodia Triumph","19","Online"
"Zodiac Shred","19","Online"
"Smite Corrupted","19","Online"
"Ballistic Bullseye","19","Online"
"Bane of Corrupted","19","Online"
"Gladiator Might","19","Online"
"Furax Wraith Set","19","Online"
"Sahasa Kubrow Imprint","19","Online"
"Twitch","19","Online"
"Spira Prime Pouch","19","Online"
"Winged Force (Lavan)","19","Online"
"Corrosive Projection","18","Online"
"Axi A3 Radiant","18","Offline"
"Gram Prime Handle","18","Online"
"Wild Frenzy","18","Online"
"Augur Reach","18","Online"
"Axi V7 Radiant","18","Offline"
"Sands of Inaros","18","Online"
"Strafing Slide","18","Online"
"Neo B3 Radiant","18","Offline"
"Strain Infection","18","Online"
"Centaur Aegis","18","Online"
"Meso V1 Intact","18","Online"
"Death Blossom","18","Online"
"Reaper Prime Blueprint","18","Online"
"Bite","18","Online"
"Loki Prime Chassis","18","Online"
"Overextended","18","Online"
"Strain Fever","18","Online"
"Chroma Prime Systems","18","Online"
"Axi A6 Radiant","18","Online"
"Final Harbinger","18","Online"
"Transient Fortitude","18","Online"
"Elytron Harness","18","Offline"
"Kavat's Grace","18","Online"
"Steel Charge","18","Online"
"Axi R1 Radiant","18","Offline"
"Meso V1 Radiant","18","Offline"
"Shatter Burst","18","Online"
"Vasto Prime Blueprint","18","Online"
"Double-Barrel Drift","18","Online"
"Reaper Prime Blade","17","Online"
"Flow Burn","17","Online"
"Odonata Prime Wings","17","Online"
"Neutralizing Justice","17","Online"
"Banshee Prime Chassis","17","Online"
"Neo C1 Radiant","17","Online"
"Savior Decoy","17","Online"
"Scan Matter","17","Online"
"Ember Prime Neuroptics","17","Online"
"Shock Trooper","17","Online"
"Exodia Contagion","17","Online"
"Heavy Caliber","17","Online"
"Blind Rage","17","Online"
"Piercing Roar","17","Online"
"Narrow Minded","17","Online"
"Eidolon Lens Blueprint","17","Online"
"Negation Swarm","17","Online"
"Zephyr Prime Blueprint","17","Online"
"Magus Anomaly","17","Online"
"Tectonic Fracture","17","Online"
"Neo N4 Radiant","17","Offline"
"Tactical Reload","17","Online"
"Safeguard Switch","17","Online"
"Creeping Terrify","17","Online"
"Lith G1 Intact","17","Online"
"Lith N2 Intact","17","Online"
"Shattering Justice","17","Online"
"Sybaris Prime Barrel","17","Online"
"Neo M1 Flawless","17","Offline"
"Grineer Forest Industry Scene","16","Online"
"Repelling Bastille","16","Online"
"Loki Prime Neuroptics","16","Online"
"Auto Breach","16","Online"
"Shred Shot","15","Buying"
"Cyngas Stock","15","Online"
"Bounty Hunter","15","Buying"
"Impaler Munitions","15","Buying"
"Vectis Prime Receiver","15","Online"
"Flak Shot","15","Buying"
"Serrated Rounds","15","Buying"
"Crash Shot","15","Buying"
"Chesa Kubrow Imprint","14","Online"
"Neo R1 Intact","14","Online"
"Energy Transfer","14","Online"
"Axi H4 Radiant","14","Offline"
"Primal Rage","14","Online"
"Furious Javelin","14","Online"
"Neo N9 Radiant","14","Offline"
"Axi S4 Intact","14","Online"
"Huras Kubrow Imprint","14","Online"
"Lith M2 Radiant","14","Offline"
"Photon Repeater","14","Online"
"Snipetron Vandal Set","14","Online"
"Peaceful Provocation","14","Online"
"Neo V7 Radiant","14","Offline"
"Phaedra Barrel","14","Online"
"Meso D4 Exceptional","14","Offline"
"Staggering Shield","14","Online"
"Venari Bodyguard","14","Online"
"Retrieve","14","Online"
"Stockpiled Blight","14","Online"
"Cold Arrival","14","Online"
"Decurion Receiver","14","Online"
"Meso O3 Radiant","14","Offline"
"Perfect Balance","14","Online"
"Calm & Frenzy","14","Online"
"Target Fixation","14","Online"
"Nitro Boost","14","Online"
"Empowered Quiver","14","Online"
"Swing Line","14","Online"
"Infiltrate","14","Online"
"Requiem IV Radiant","14","Online"
"Mending Splinters","14","Online"
"Corvas Barrel","14","Online"
"Elemental Sandstorm","14","Online"
"Seeking Shuriken","14","Online"
"Greedy Pull","14","Online"
"Venerdo Hoverdrive","14","Online"
"Trail Blazer","14","Online"
"Shocking Speed","14","Online"
"Prolonged Paralysis","14","Online"
"Neo N3 Radiant","14","Offline"
"Lasting Purity","14","Online"
"Virtuos Surge","14","Online"
"Meso R1 Radiant","14","Online"
"Corrupt Charge","14","Online"
"Marked Target","14","Online"
"Pacifying Bolts","14","Online"
"Enveloping Cloud","14","Online"
"Swift Momentum","14","Online"
"Conductor","14","Online"
"Jet Stream","14","Online"
"Armored Recovery","14","Offline"
"Axi O4 Radiant","14","Offline"
"Axi G2 Intact","14","Online"
"Counter Pulse","14","Online"
"Spectrosiphon","14","Online"
"Exposing Harpoon","14","Online"
"Deadly Efficiency","14","Online"
"Akvasto Prime Link","14","Online"
"Dethcube Prime Cerebrum","14","Online"
"Poppin' Vert","14","Online"
"Night Stalker","14","Offline"
"Gilded Truth","14","Online"
"Requiem III Radiant","14","Online"
"Rail Guards","14","Online"
"Meso N6 Radiant","14","Offline"
"Kinetic Friction","14","Online"
"Rime Rounds","14","Online"
"Surging Dash","14","Online"
"Pop Top","14","Online"
"Rubico Prime Blueprint","14","Online"
"Rifle Amp","14","Online"
"Axi N5 Radiant","14","Offline"
"Axi H2 Intact","14","Offline"
"Axi T1 Intact","14","Online"
"Flame Gland","14","Online"
"Grineer Forest Water Pump Scene","14","Online"
"Blood Rush","14","Online"
"Healing Flame","14","Online"
"Sharpened Blade","14","Offline"
"Whiplash Mine","14","Offline"
"Tesla Bank","14","Online"
"Neo S12 Radiant","14","Offline"
"Bright Purity","14","Online"
"Assimilate","14","Online"
"Gun Glide","14","Online"
"Partitioned Mallet","14","Online"
"Fracturing Crush","14","Online"
"Vigilante Offense","14","Online"
"Chaos Sphere","14","Online"
"Serrated Edges","14","Offline"
"Haven","14","Online"
"Ablative Shell (Zetki)","14","Online"
"Lith A1 Exceptional","14","Offline"
"Axi B3 Intact","14","Online"
"Meso M3 Radiant","14","Offline"
"Grendel Chassis Locator","14","Offline"
"Mind Freak","14","Online"
"Neo S3 Intact","14","Online"
"Kogake Prime Gauntlet","14","Online"
"Hunhow's Datascape Scene","14","Offline"
"Axi V7 Exceptional","14","Offline"
"Shield of Shadows","14","Online"
"Pilfering Swarm","14","Online"
"Enemy Radar","14","Online"
"Lith H1 Radiant","14","Offline"
"Karak Wraith Barrel","14","Online"
"Lith T1 Radiant","14","Offline"
"Arbiter's Tribunal Scene","14","Offline"
"Scindo Prime Blade","14","Online"
"Resonating Quake","14","Online"
"Abating Link","14","Online"
"Lith N3 Intact","14","Online"
"Neo E1 Radiant","14","Offline"
"Hallowed Eruption","14","Online"
"Speed Drift","14","Online"
"Axi G1 Intact","14","Online"
"Latron Wraith Stock","14","Online"
"Razorwing Blitz","14","Online"
"Itzal Harness","14","Online"
"Path of Statues","14","Online"
"Contagion Cloud","14","Online"
"Neo L1 Radiant","14","Offline"
"Odonata Prime Harness","14","Online"
"Destreza Prime Blade","14","Online"
"Magnetized Discharge","14","Online"
"Forward Artillery (Zetki)","14","Online"
"Lith V3 Radiant","14","Offline"
"Axi V5 Intact","14","Offline"
"Crushing Ruin","14","Online"
"Virtuos Spike","14","Online"
"Titanic Rumbler","14","Online"
"Pool of Life","14","Online"
"Pyrana Prime Set","14","Online"
"Virtuos Trojan","14","Online"
"Dread Ward","14","Online"
"Tempo Royale","14","Online"
"Savage Silence","14","Online"
"Capacitance","14","Online"
"Teeming Virulence","14","Online"
"Smoke Shadow","14","Online"
"Karak Wraith Receiver","14","Online"
"Kronen Prime Blade","14","Online"
"Wise Razor","14","Online"
"Explosive Legerdemain","14","Online"
"Meso D1 Radiant","14","Offline"
"Spira Prime Blade","14","Online"
"Cryo Coating","14","Online"
"Mad Stack","14","Online"
"Transistor Shield","14","Online"
"Ion Infusion","14","Online"
"Escape Velocity","14","Online"
"Meso E1 Intact","14","Offline"
"Tek Enhance","14","Online"
"Soul Survivor","14","Online"
"Disarming Purity","14","Online"
"Sonic Boost","14","Online"
"Desiccation's Curse","14","Online"
"Stradavar Prime Stock","14","Online"
"Axi V6 Intact","14","Online"
"Sunika Kubrow Imprint","14","Online"
"Heat Sink (Zetki)","14","Online"
"Tek Assault","14","Online"
"Nami Skyla Prime Blade","14","Online"
"Molecular Fission","14","Online"
"Counterweight","14","Offline"
"Impenetrable Offense","14","Offline"
"Sheev Heatsink","14","Online"
"Meso G1 Radiant","14","Offline"
"Beguiling Lantern","14","Online"
"Slay Board","14","Online"
"Vasto Prime Barrel","14","Online"
"Concentrated Arrow","14","Online"
"Blade of Truth","13","Online"
"Chroma Prime Neuroptics","13","Online"
"Limbo Prime Neuroptics","13","Online"
"Phaedra Receiver","13","Online"
"Quasar Drill","13","Online"
"Extreme Velocity","13","Online"
"Magus Revert","13","Online"
"Cataclysmic Continuum","13","Online"
"Axi L2 Radiant","13","Offline"
"Strun Wraith Barrel","13","Online"
"Soft Hands","13","Online"
"Cephalon Suda Augment Mod","13","Online"
"Rift Torrent","13","Online"
"Odonata Prime Blueprint","13","Online"
"Winged Force (Vidar)","13","Online"
"Eternal War","13","Online"
"Voltage Sequence","13","Online"
"Runtime","13","Online"
"Snipetron Vandal Barrel","13","Online"
"Centaur Handle","13","Online"
"Onorix Blade","13","Online"
"Dakra Prime Blade","13","Online"
"Stalking Fan","13","Online"
"Ivara Prime Neuroptics","13","Online"
"Lith T2 Radiant","13","Offline"
"Centaur Blade","13","Online"
"Fluctus Barrel","13","Online"
"Untraceable","13","Online"
"LOHK","13","Online"
"Avenging Truth","13","Online"
"Winged Storm (Vidar)","13","Online"
"Anode Cell (Zetki)","13","Online"
"Neo B5 Radiant","13","Offline"
"Bladed Rounds","13","Online"
"Piercing Navigator","13","Online"
"Shepherd","13","Online"
"Lith N2 Radiant","13","Offline"
"Magus Repair","13","Online"
"Mantis Fuselage","13","Online"
"Shield Disruption","13","Online"
"Axi L5 Radiant","13","Offline"
"Trinity Prime Systems","13","Online"
"Rathbone Head","13","Online"
"Ankyros Prime Gauntlet","13","Online"
"Ironclad Charge","13","Online"
"Axi A2 Intact","13","Online"
"Lith B3 Radiant","13","Offline"
"Axi K5 Radiant","13","Offline"
"Mesa Prime Neuroptics","13","Online"
"Magus Firewall","13","Online"
"Rising Storm","13","Online"
"New Loka Augment Mod","13","Online"
"Arbiters of Hexis Augment Mod","13","Online"
"Hysterical Assault","13","Online"
"Soma Prime Barrel","13","Online"
"The Perrin Sequence Augment Mod","13","Online"
"Axi A5 Radiant","13","Offline"
"Venom Dose","13","Online"
"Raksa Kubrow Imprint","13","Online"
"Equilibrium","13","Online"
"Deadly Sequence","13","Online"
"Lith B4 Radiant","13","Offline"
"Rift Haven","13","Online"
"RIS","12","Online"
"Berserker","12","Online"
"Guided Effigy","12","Online"
"Funnel Clouds","12","Online"
"Ninkondi Prime Handle","12","Online"
"Corroding Barrage","12","Online"
"Fatal Teleport","12","Online"
"Everlasting Ward","12","Online"
"Lith M1 Intact","12","Online"
"KHRA","12","Online"
"Hall of Malevolence","12","Online"
"Meso V2 Intact","12","Online"
"Neo N1 Intact","12","Online"
"Saryn Prime Blueprint","12","Online"
"Vampire Leech","12","Online"
"Axi N1 Intact","12","Offline"
"Lith M4 Radiant","12","Online"
"Sheev Blueprint","12","Online"
"Axi C4 Radiant","12","Offline"
"Sequence Burn","12","Offline"
"Phaedra Stock","12","Online"
"Pilfering Strangledome","12","Online"
"Scattering Inferno","12","Online"
"Investigator","12","Online"
"Adarza Kavat Imprint","12","Online"
"Lasting Covenant","12","Online"
"Neo O1 Intact","12","Buying"
"Axi N2 Intact","12","Online"
"Rathbone Handle","12","Online"
"Lith B2 Radiant","12","Offline"
"Strun Wraith Receiver","12","Online"
"Velocitus Barrel","12","Online"
"Axi S1 Intact","12","Offline"
"Decurion Barrel","12","Online"
"Tidal Impunity","12","Online"
"Zephyr Prime Systems","12","Online"
"Anasa Ayatan Sculpture","12","Online"
"Neo N3 Intact","12","Online"
"Soma Prime Receiver","11","Online"
"Zhuge Prime Barrel","11","Online"
"Axi A9 Intact","11","Online"
"Neo F1 Intact","11","Offline"
"Winds of Purity","11","Online"
"Exothermic","11","Online"
"Reaping Chakram","11","Online"
"Axi S4 Radiant","11","Offline"
"Tipedo Prime Handle","11","Online"
"Calculated Shot","11","Offline"
"Twin Vipers Wraith Blueprint","11","Online"
"Buzz Kill","11","Online"
"Total Eclipse","11","Online"
"Entropy Burst","11","Online"
"Fireball Frenzy","11","Online"
"Hushed Invisibility","11","Online"
"Neo A1 Intact","11","Online"
"Chromatic Blade","11","Online"
"Lith V6 Radiant","11","Offline"
"Cyngas Receiver","11","Online"
"Duality","11","Online"
"Combustion Rounds","11","Online"
"Lith G1 Radiant","11","Online"
"Arcane Fury","11","Online"
"Warding Thurible","11","Online"
"Larva Burst","11","Online"
"Latron Wraith Barrel","11","Online"
"Axi N3 Radiant","11","Offline"
"Meso F2 Intact","11","Offline"
"Cyngas Barrel","11","Online"
"Ore Gaze","11","Online"
"Pyroclastic Flow","10","Online"
"Neo G2 Exceptional","10","Offline"
"Stinging Truth","10","Offline"
"Meso M3 Flawless","10","Offline"
"Fang Prime Set","10","Online"
"Lith C3 Radiant","10","Offline"
"Accumulating Whipclaw","10","Online"
"Frost Prime Chassis","10","Online"
"True Punishment","10","Online"
"Axi A6 Exceptional","10","Offline"
"Neo D1 Intact","10","Offline"
"Blazing Steel","10","Online"
"Meso N3 Exceptional","10","Buying"
"Blinding Reave","10","Online"
"Radiant Finish","10","Online"
"Expel Corrupted","10","Online"
"Corvas Stock","10","Online"
"Valkyr Prime Systems","10","Online"
"Onorix Handle","10","Online"
"JAHU","10","Online"
"Velocitus Receiver","9","Online"
"Hikou Prime Stars","9","Online"
"Nightwatch Napalm","9","Online"
"Warhead (Lavan)","9","Online"
"Gleaming Talon","9","Online"
"Afterburn","9","Online"
"Sure Footed","9","Online"
"Ice Wave Impedance","9","Online"
"Kaszas Blade","9","Online"
"Orthos Prime Set","9","Online"
"Shockwave Actuators","9","Offline"
"Agkuza Blade","9","Online"
"Immolated Radiance","9","Online"
"Velocitus Stock","9","Online"
"Safeguard","9","Online"
"Spry Sights","9","Online"
"Cleanse Corrupted","9","Online"
"Latron Wraith Receiver","9","Online"
"Agkuza Handle","9","Online"
"Vauban Prime Chassis","9","Online"
"Meso V4 Intact","9","Offline"
"Fluctus Limbs","9","Online"
"Vauban Prime Blueprint","9","Online"
"Lith C2 Radiant","9","Offline"
"Chilling Globe","9","Online"
"Volcanic Edge","9","Online"
"Reinforcing Stomp","9","Online"
"Fluctus Stock","9","Online"
"Snap Shot","9","Online"
"Twin Vipers Wraith Link","9","Online"
"Focus Energy","9","Online"
"Ankyros Prime Blade","9","Online"
"Guided Ordnance","9","Online"
"Meso N5 Radiant","9","Offline"
"Vicious Frost","9","Online"
"Swooping Falcon","9","Online"
"Silva & Aegis Prime Blade","9","Online"
"Nikana Prime Blade","9","Online"
"Sheev Hilt","9","Online"
"Smite Infusion","9","Online"
"Sheev Blade","9","Online"
"Sonic Fracture","9","Online"
"Kaszas Handle","9","Online"
"Constitution","9","Online"
"Phasic Weave (Lavan)","9","Online"
"Snipetron Vandal Receiver","9","Online"
"Mesa?s Waltz","9","Online"
"Quickening","9","Online"
"Neo S7 Radiant","9","Offline"
"Eroding Blight","9","Online"
"Lith C1 Radiant","9","Offline"
"Neo V4 Intact","9","Online"
"Healing Return","9","Online"
"Axi E1 Intact","9","Online"
"Axi E1 Radiant","9","Online"
"Neo N6 Intact","9","Online"
"Regenerative Molt","9","Online"
"Warhead (Vidar)","9","Online"
"Resonance","9","Online"
"Carrier Prime Cerebrum","9","Online"
"Aklex Prime Blueprint","9","Online"
"Boltor Prime Barrel","9","Online"
"Exodia Hunt","9","Online"
"Vulcan Blitz","9","Online"
"Corvas Receiver","9","Online"
"Lith B1 Intact","9","Offline"
"Hydroid Prime Blueprint","9","Online"
"Virulent Scourge","9","Online"
"System Reroute","9","Online"
"Karak Wraith Blueprint","9","Online"
"Hydraulic Chamber","9","Online"
"Madurai Lens","9","Online"
"Ion Burn (Zetki)","9","Online"
"Lex Prime Receiver","9","Online"
"Draining Gloom","9","Online"
"Akbronco Prime Set","9","Online"
"Neo N7 Intact","9","Online"
"Phoenix Renewal","9","Online"
"Iron Shrapnel","9","Online"
"Lith N1 Intact","9","Offline"
"Lith S6 Intact","9","Online"
"Akbolto Prime Receiver","9","Online"
"Steel Meridian Augment Mod","9","Online"
"Agile Aim","9","Online"
"Exodia Might","9","Online"
"Antimatter Absorb","9","Online"
"Red Veil Augment Mod","9","Online"
"Arc Coil","9","Online"
"Justice Blades","9","Online"
"Grineer Forest Factory Scene","9","Online"
"Vazarin Transmute Core","9","Online"
"Axi A2 Radiant","9","Online"
"Double Tap","9","Online"
"Neo B2 Radiant","9","Offline"
"Lith N3 Radiant","9","Offline"
"Axi V2 Intact","9","Offline"
"Meso V3 Intact","9","Offline"
"Naramon Transmute Core","9","Online"
"Meso V5 Intact","9","Offline"
"Meso N9 Radiant","9","Offline"
"Aksomati Prime Blueprint","9","Online"
"Neo Z4 Radiant","9","Offline"
"Meso O2 Radiant","9","Offline"
"Rending Crane","9","Online"
"Baza Prime Receiver","9","Online"
"Freeze Force","9","Online"
"Meso T2 Radiant","9","Offline"
"Axi N6 Radiant","9","Offline"
"Air Time","9","Online"
"Mag Locks","9","Online"
"Infectious Injection","9","Online"
"Lith V5 Radiant","9","Offline"
"Lith B1 Radiant","9","Offline"
"Meso P1 Radiant","9","Offline"
"Meso L1 Radiant","9","Offline"
"Magus Melt","9","Online"
"Meso M2 Radiant","9","Offline"
"Axi A8 Intact","9","Online"
"Energy Siphon","9","Online"
"Neo Z5 Intact","9","Online"
"Expel Corpus","9","Online"
"Neo A2 Radiant","9","Offline"
"Axi R2 Radiant","9","Offline"
"Meso D3 Radiant","9","Offline"
"Axi C3 Radiant","9","Offline"
"Dual Kamas Prime Handle","9","Online"
"Axi S5 Intact","9","Online"
"Madurai Transmute Core","9","Online"
"Curative Undertow","9","Online"
"Axi S3 Radiant","9","Offline"
"Strain Consume","9","Online"
"Meso N6 Intact","9","Online"
"Neo S10 Intact","9","Online"
"Zaw Riven Mod (Veiled)","9","Online"
"NETRA","9","Online"
"FASS","9","Online"
"Axi O1 Intact","9","Offline"
"Insatiable","9","Online"
"Tractor Beam","9","Offline"
"Snipetron Vandal Stock","9","Online"
"Vigorous Swap","9","Online"
"Neo R2 Radiant","9","Offline"
"Meso N1 Intact","9","Online"
"Scattered Justice","9","Online"
"Meso N7 Radiant","9","Online"
"High Noon","9","Online"
"Neutron Star","9","Online"
"Efficient Beams","9","Online"
"Tiberon Prime Barrel","9","Online"
"Bursting Mass","9","Online"
"Muzzle Flash","9","Online"
"Rolling Guard","9","Online"
"Requiem II Radiant","9","Online"
"Ambush Optics (Rubico)","9","Online"
"Agkuza Guard","9","Online"
"Bore","9","Online"
"Lith L1 Radiant","9","Online"
"Meso K2 Radiant","9","Offline"
"Neo A4 Radiant","9","Offline"
"Dakra Prime Handle","9","Online"
"Wukong Prime Blueprint","9","Online"
"Laser Sight","9","Online"
"Gorgon Wraith Set","9","Online"
"Axi S2 Intact","9","Offline"
"Equinox Prime Blueprint","9","Online"
"Dethcube Prime Blueprint","9","Online"
"Bronco Prime Set","9","Online"
"Pyrana Prime Blueprint","9","Online"
"Hallowed Reckoning","9","Online"
"Tekko Prime Gauntlet","9","Online"
"Meso N9 Exceptional","9","Offline"
"Meso B4 Radiant","9","Offline"
"Lith P2 Radiant","9","Offline"
"Meso D4 Radiant","9","Offline"
"Lith M3 Radiant","9","Offline"
"Lith A3 Radiant","9","Online"
"Celestial Stomp","9","Online"
"Vexing Retaliation","9","Online"
"Synth Reflex","9","Online"
"Sicarus Prime Barrel","9","Online"
"Imperator Vandal Barrel","9","Online"
"Eject Magazine","9","Online"
"Neo N9 Intact","9","Online"
"Tiberon Prime Stock","9","Online"
"Mortal Conduct","9","Online"
"Pax Soar","9","Online"
"Axi H1 Intact","9","Offline"
"Akjagara Prime Barrel","9","Online"
"Lith O2 Intact","9","Offline"
"Neo Z1 Radiant","9","Offline"
"Axi L3 Radiant","9","Offline"
"Lith V7 Radiant","9","Offline"
"Axi A8 Radiant","9","Offline"
"Wyrm Prime Cerebrum","9","Online"
"Neo I1 Radiant","9","Online"
"VOME","8","Online"
"Rifle Scavenger","8","Online"
"Akstiletto Prime Barrel","8","Online"
"Hollowed Bullets","8","Online"
"Overview","8","Online"
"Dethcube Prime Systems","8","Online"
"Hunter's Bonesaw","8","Online"
"Auger Strike","8","Online"
"Squad Renew","8","Online"
"Gleaming Blight","8","Online"
"Mag Prime Chassis","8","Online"
"Paris Prime Set","8","Online"
"Lethal Torrent","8","Online"
"Fomorian Accelerant","8","Online"
"Nami Skyla Prime Handle","8","Online"
"Imperator Vandal Blueprint","8","Online"
"Zhuge Prime Receiver","8","Online"
"Ballistica Prime Blueprint","8","Online"
"Venom Teeth","8","Online"
"Arcane Avenger","8","Online"
"Entropy Spike","8","Offline"
"Arcane Tanker","8","Online"
"Pathocyst Blueprint","8","Online"
"Link Health","8","Online"
"Despoil","8","Online"
"Kavasa Prime Collar Band","8","Online"
"Fanged Fusillade","8","Online"
"Axi P1 Intact","8","Offline"
"Magnum Force","8","Online"
"Virtuos Ghost","8","Online"
"Boltor Prime Stock","8","Online"
"Lith W1 Radiant","8","Offline"
"Neo V3 Intact","8","Online"
"Magus Lockdown","8","Online"
"Arcane Phantasm","8","Online"
"Rift Strike","8","Online"
"Winged Force (Zetki)","8","Online"
"Last Stand (Vidar)","8","Online"
"Rage","8","Online"
"Thermite Rounds","8","Online"
"Winged Steel (Vidar)","8","Online"
"Neo E1 Intact","8","Offline"
"Nova Prime Blueprint","8","Online"
"Carrier Prime Carapace","8","Online"
"Auxiliary Power","8","Online"
"Vigor","8","Online"
"Vile Acceleration","8","Online"
"Meso Z1 Radiant","8","Offline"
"Lith H2 Radiant","8","Offline"
"Neo M1 Radiant","8","Offline"
"Targeting Subsystem","8","Online"
"Mag Prime Neuroptics","8","Online"
"Latron Prime Receiver","8","Online"
"Lith V2 Intact","8","Online"
"Phasic Weave (Zetki)","8","Online"
"Axi O4 Intact","8","Offline"
"Napalm Grenades","8","Online"
"Electromagnetic Shielding","8","Online"
"Winged Steel (Lavan)","8","Online"
"Hyperstrike (Lavan)","8","Online"
"Sweeping Serration","8","Online"
"Thermatic (Vidar)","8","Online"
"Neo V7 Intact","8","Online"
"Glaive Prime Blade","8","Online"
"Twin Vipers Wraith Receivers","8","Online"
"Hunter Munitions","8","Online"
"Loki Prime Blueprint","8","Online"
"Gladiator Finesse","8","Online"
"Meso C4 Intact","8","Online"
"Mecha Overdrive","8","Online"
"Zenurik Lens","8","Online"
"Thermatic (Zetki)","8","Online"
"Lith V3 Intact","8","Online"
"Lith B4 Intact","8","Online"
"Lith F1 Intact","8","Online"
"XATA","8","Online"
"Toxic Blight","8","Offline"
"Lith S2 Intact","8","Online"
"Mag Prime Systems","8","Online"
"Akstiletto Prime Receiver","8","Online"
"Four Riders","8","Online"
"Bo Prime Handle","8","Online"
"Hyperflux (Vidar)","8","Online"
"Ash Prime Chassis","8","Online"
"Vermillion Storm","8","Online"
"Pistol Scavenger","8","Online"
"Axi H3 Intact","8","Offline"
"Magus Replenish","8","Online"
"Maxima (Lavan)","8","Online"
"Enduring Strike","8","Online"
"Neo S5 Intact","8","Online"
"Frigid Blast","8","Online"
"Lith S5 Intact","8","Online"
"Neo B4 Intact","8","Online"
"Live Wire","8","Online"
"Neo T2 Intact","7","Online"
"Stradavar Prime Blueprint","7","Online"
"Meso B4 Intact","7","Online"
"Axi G2 Radiant","7","Online"
"Efficient Transferral","7","Online"
"Winged Cyclone (Vidar)","7","Online"
"Harkonar Scope","7","Online"
"Axi A7 Radiant","7","Offline"
"Axi R2 Intact","7","Online"
"Axi A6 Intact","7","Online"
"Axi T2 Intact","7","Online"
"Neo N10 Intact","7","Online"
"Section Density (Lavan)","7","Online"
"Snipetron Vandal Blueprint","7","Online"
"Void Cloak","7","Online"
"Arch-Gun Ace","7","Online"
"Thermatic (Lavan)","7","Online"
"Axi K1 Intact","7","Offline"
"Akstiletto Prime Blueprint","7","Online"
"Axi H4 Intact","7","Offline"
"Anemic Agility","7","Online"
"Requiem III Flawless","7","Offline"
"Maim","7","Online"
"Focused Defense","7","Online"
"Burston Prime Set","7","Online"
"Neo I1 Intact","7","Online"
"Winged Steel (Zetki)","7","Online"
"Braton Prime Set","7","Online"
"Heat Sink (Lavan)","7","Online"
"Atlas Prime Chassis","7","Online"
"Axi D2 Intact","7","Offline"
"Neo S13 Radiant","7","Offline"
"Braton Vandal Receiver","7","Online"
"Exodia Epidemic","7","Online"
"Axi C1 Intact","7","Offline"
"Mirage Prime Systems","7","Online"
"Furax Wraith Right Gauntlet","7","Online"
"Rhino Prime Systems","7","Online"
"Decisive Judgement","7","Online"
"Ruinous Extension","7","Online"
"Breach Loader","7","Online"
"Virtuos Strike","7","Online"
"Vectis Prime Barrel","7","Online"
"Axi O2 Intact","7","Offline"
"Neo S2 Radiant","7","Offline"
"Quick Thinking","7","Online"
"Magus Cadence","7","Online"
"Malignant Force","7","Online"
"Frost Prime Neuroptics","7","Online"
"Meso B1 Intact","7","Online"
"Link Armor","7","Online"
"Vicious Spread","7","Online"
"Modified Munitions","7","Online"
"Nyx Prime Chassis","7","Online"
"Oberon Prime Neuroptics","7","Online"
"Latron Wraith Blueprint","7","Online"
"Coolant Leak","7","Online"
"Nova Prime Systems","7","Online"
"Meso N3 Radiant","7","Buying"
"Dual Kamas Prime Blueprint","7","Online"
"Malicious Raptor","7","Online"
"Stinging Thorn","7","Online"
"Exodia Force","7","Online"
"Wyrm Prime Blueprint","7","Online"
"Dera Vandal Stock","7","Online"
"Nyx Prime Systems","7","Online"
"Lex Prime Set","7","Online"
"Dera Vandal Receiver","7","Online"
"Cunning Drift","7","Online"
"Continuity","7","Online"
"Scorch","7","Online"
"Latron Prime Barrel","7","Online"
"Pistol Riven Mod (Veiled)","7","Online"
"Irradiating Disarm","7","Online"
"Axi C4 Intact","6","Online"
"Ion Burn (Vidar)","6","Offline"
"Fragor Prime Handle","6","Online"
"Hydroid Prime Neuroptics","6","Online"
"Link Shields","6","Online"
"Neo N2 Intact","6","Offline"
"Automatic Trigger","6","Online"
"Lith S1 Intact","6","Online"
"Axi P2 Intact","6","Online"
"Axi G2 Flawless","6","Offline"
"Lith O1 Exceptional","6","Offline"
"Bulkhead (Lavan)","6","Online"
"Crimson Dervish","6","Online"
"Meso N3 Intact","6","Offline"
"Magus Nourish","6","Online"
"Meso Z1 Exceptional","6","Offline"
"Conic Nozzle (Lavan)","6","Online"
"Neo B1 Intact","6","Offline"
"Forward Artillery (Vidar)","6","Online"
"Ballistica Prime String","6","Online"
"Maul","6","Online"
"Stand United","6","Online"
"Galvanized Blade","6","Online"
"Bo Prime Blueprint","6","Online"
"Stalk","6","Online"
"Pathocyst Subcortex","6","Online"
"Ammo Chain","6","Online"
"Gladiator Resolve","6","Online"
"Hull Weave (Vidar)","6","Online"
"Meso S8 Flawless","6","Offline"
"Fetch","6","Online"
"Synth Deconstruct","6","Online"
"Glaive Prime Disc","6","Online"
"Euphona Prime Barrel","6","Online"
"Helios Prime Systems","6","Online"
"Kitgun Riven Mod (Veiled)","6","Online"
"Lith V5 Exceptional","6","Offline"
"Shattering Storm","6","Online"
"Magus Elevate","6","Online"
"Infested Impedance","6","Online"
"Sicarus Prime Blueprint","6","Online"
"Kronen Prime Handle","6","Online"
"Silent Battery","6","Online"
"Nekros Prime Chassis","6","Online"
"Proton Snap","6","Online"
"Boar Prime Barrel","6","Online"
"Axi L3 Intact","6","Online"
"Dera Vandal Barrel","6","Online"
"Meso O3 Exceptional","6","Buying"
"Nova Prime Neuroptics","6","Online"
"Embedded Catalyzer","6","Online"
"Silva & Aegis Prime Blueprint","6","Online"
"Axi S3 Intact","6","Online"
"Meso S7 Exceptional","6","Offline"
"Lith V4 Intact","5","Online"
"Trample","5","Online"
"Venomous Clip","5","Online"
"Vigilante Armaments","5","Online"
"Pax Bolt","5","Online"
"Meso B2 Intact","5","Online"
"Neo S6 Intact","5","Offline"
"Furax Wraith Left Gauntlet","5","Online"
"Baza Prime Barrel","5","Online"
"Target Cracker","5","Online"
"Axi V6 Radiant","5","Offline"
"Pax Charge","5","Online"
"Lith V2 Radiant","5","Offline"
"Poisonous Sting","5","Online"
"Neo O1 Radiant","5","Buying"
"Neo A4 Intact","5","Online"
"Neo M2 Radiant","5","Offline"
"Frostbite","5","Online"
"Hyperion Thrusters","5","Online"
"Carrier Prime Systems","5","Online"
"Carrier Prime Blueprint","5","Online"
"Axi V1 Flawless","5","Buying"
"Akstiletto Prime Link","5","Online"
"Meso B3 Intact","5","Online"
"Scindo Prime Handle","5","Online"
"Arcane Acceleration","5","Online"
"Lith O2 Flawless","5","Buying"
"Anti-Grav Grenade","5","Buying"
"Lith A2 Radiant","5","Offline"
"Ripload (Zetki)","5","Online"
"Axi V2 Radiant","5","Buying"
"Ballistica Prime Receiver","5","Online"
"Wukong Prime Chassis","5","Online"
"Virtuos Tempo","5","Online"
"Comet Blast","5","Online"
"Axi A1 Intact","5","Offline"
"Lith P1 Exceptional","5","Offline"
"Ash Prime Neuroptics","5","Online"
"Ammo Drum","5","Online"
"Axi L2 Intact","5","Online"
"Odonata Prime Systems","5","Online"
"Tiberon Prime Receiver","5","Online"
"Last Stand (Lavan)","5","Online"
"Axi B1 Intact","5","Buying"
"Zhuge Prime String","4","Online"
"Zhuge Prime Blueprint","4","Online"
"Lith D1 Exceptional","4","Offline"
"Axi R1 Exceptional","4","Buying"
"Axi K4 Intact","4","Offline"
"Axi N6 Intact","4","Offline"
"Lith D1 Intact","4","Online"
"Ninkondi Prime Blueprint","4","Online"
"Neo T2 Flawless","4","Offline"
"Axi A4 Intact","4","Online"
"Lith D1 Flawless","4","Offline"
"Axi P2 Radiant","4","Offline"
"Arcane Primary Charger","4","Online"
"Resolute Focus","4","Online"
"Magus Husk","4","Online"
"Meso D3 Intact","4","Online"
"Deck 12 Scene","4","Online"
"Toxic Barrage","4","Online"
"Carving Mantis","4","Online"
"Meso P1 Intact","4","Online"
"Motus Setup","4","Online"
"Hunt","4","Online"
"Lith C5 Intact","4","Online"
"Braton Vandal Barrel","4","Online"
"Combat Discipline","4","Online"
"Gas City Central Drop Scene","4","Online"
"Gas City Cloud Vista Scene","4","Online"
"Arcane Pistoleer","4","Online"
"Arcane Blade Charger","4","Online"
"Lith H2 Intact","4","Online"
"Axi D1 Radiant","4","Offline"
"Glacial Edge","4","Online"
"Lith W1 Intact","4","Online"
"Gas City Upper Logistics Scene","4","Online"
"Gas City Dead Exit Scene","4","Online"
"Gas City Walkway Scene","4","Online"
"Arcane Bodyguard","4","Online"
"Axi L5 Intact","4","Online"
"Arcane Strike","4","Online"
"Meso A2 Flawless","4","Offline"
"Repair Kit","4","Online"
"Whirlwind","4","Online"
"Meso W1 Intact","4","Online"
"Kogake Prime Blueprint","4","Online"
"Dethcube Prime Carapace","4","Online"
"Mirage Prime Chassis","4","Online"
"Gas City Elemental Distribution Scene","4","Online"
"Meso S9 Intact","4","Offline"
"Lith L2 Exceptional","4","Offline"
"Meso D2 Intact","4","Online"
"Gas City Corridors Scene","4","Online"
"Handspring","4","Online"
"Gas City Regulators Scene","4","Online"
"Atlas Prime Blueprint","4","Online"
"Neo N8 Exceptional","4","Offline"
"Atlas Prime Systems","4","Online"
"Gas City Lower Foyer Scene","4","Online"
"Akjagara Prime Link","4","Online"
"Neo V5 Radiant","4","Offline"
"Neo S11 Intact","4","Online"
"Energy Inversion","4","Online"
"Lith M2 Intact","4","Offline"
"Pax Seeker","4","Online"
"Lith M4 Exceptional","4","Offline"
"Repeater Clip","4","Online"
"Ballistica Prime Lower Limb","4","Online"
"Soma Prime Blueprint","4","Online"
"Meso C1 Intact","4","Online"
"Rebound","4","Online"
"Lith K1 Intact","4","Offline"
"Covert Lethality","4","Online"
"Meso M2 Intact","4","Online"
"Arcane Resistance","4","Online"
"Bleeding Edge","4","Online"
"Lith B6 Radiant","4","Offline"
"Striker","4","Offline"
"Tigris Prime Stock","4","Online"
"Axi A5 Intact","4","Offline"
"Tigris Prime Receiver","4","Online"
"Revenge","4","Online"
"Ash Prime Blueprint","4","Online"
"Arcane Velocity","4","Online"
"Nyx Prime Blueprint","4","Online"
"Insulation","4","Online"
"Vaya Ayatan Sculpture","4","Online"
"Sah Ayatan Sculpture","4","Online"
"Adept Surge","4","Offline"
"Coaction Drift","4","Online"
"Power Drift","4","Online"
"Unairu Lens","4","Online"
"Swift Deth","4","Offline"
"Naramon Lens","4","Online"
"Body Count","4","Online"
"Axi K5 Intact","4","Online"
"Meso M3 Intact","4","Offline"
"Tigris Prime Barrel","4","Online"
"Spring-Loaded Chamber","4","Online"
"Drifting Contact","4","Online"
"Molten Impact","4","Online"
"Hydraulic Crosshairs","4","Online"
"Proton Jet","4","Online"
"Gas City Lifts Scene","4","Online"
"Meso Z3 Radiant","4","Online"
"Proton Pulse","4","Online"
"Kavasa Prime Collar Blueprint","4","Online"
"Lith B3 Intact","4","Online"
"Ayr Ayatan Sculpture","4","Online"
"Smite Corpus","4","Online"
"Orta Ayatan Sculpture","4","Online"
"Lith L1 Intact","4","Online"
"Cleanse Corpus","4","Online"
"Lua Balcony Scene","4","Online"
"Lith H1 Intact","4","Online"
"Axi O3 Intact","4","Offline"
"Neo B5 Intact","4","Online"
"Mecha Recharge","4","Online"
"Meso N5 Intact","4","Offline"
"Venka Prime Blueprint","4","Online"
"Sharpshooter","4","Online"
"Maglev","4","Online"
"Neo R1 Exceptional","4","Buying"
"Synth Charge","4","Online"
"Mecha Empowered","4","Online"
"Twin Vipers Wraith Barrels","4","Online"
"Synth Fiber","4","Online"
"Tek Collateral","4","Online"
"No Current Leap","4","Offline"
"Shattering Impact","4","Online"
"Virtuos Fury","4","Online"
"Morphic Transformer","4","Online"
"Neo K2 Intact","4","Online"
"Neo D1 Radiant","4","Buying"
"Saryn Prime Neuroptics","4","Online"
"Mantis Avionics","4","Online"
"Lith C4 Exceptional","4","Offline"
"Quick Return","4","Online"
"Scimitar Avionics","4","Online"
"Bane of Grineer","4","Online"
"Atlantis Vulcan","4","Online"
"Magazine Extension","4","Online"
"Eagle Eye","4","Online"
"Gas City Elemental Refinement Scene","4","Online"
"Grineer Settlement Artillery Scene","4","Online"
"Rubico Prime Stock","4","Online"
"Meso S1 Intact","4","Offline"
"Meso K1 Intact","4","Offline"
"Shotgun Scavenger","4","Online"
"Shotgun Amp","4","Online"
"Lith O1 Intact","4","Online"
"Lith B5 Intact","4","Online"
"Master Thief","4","Online"
"Fast Deflection","4","Online"
"Ripload (Lavan)","4","Online"
"Last Stand (Zetki)","4","Online"
"Animal Instinct","4","Online"
"Mutalist Nav Coordinates","4","Online"
"Meso V2 Radiant","4","Buying"
"Arcane Awakening","4","Online"
"Burston Prime Barrel","4","Online"
"Requiem III Intact","4","Online"
"Calculated Spring","4","Offline"
"Deep Freeze","4","Online"
"Augur Seeker","4","Online"
"Failsafe","4","Online"
"Arcane Precision","4","Online"
"Meso R2 Intact","4","Online"
"Furax Wraith Blueprint","4","Online"
"Flame Repellent","4","Online"
"Lith S3 Intact","4","Offline"
"Ripload (Vidar)","4","Online"
"Neo N5 Exceptional","4","Buying"
"Requiem IV Intact","4","Online"
"Fragor Prime Blueprint","4","Online"
"Boar Prime Blueprint","4","Online"
"Axi N4 Radiant","4","Buying"
"Arcane Ultimatum","4","Online"
"Mantis Engines","4","Online"
"Hyperflux (Lavan)","4","Offline"
"Axi P3 Intact","4","Offline"
"Requiem II Intact","4","Online"
"Hydroid Prime Chassis","4","Online"
"Lith V7 Intact","4","Offline"
"Vacuum","4","Online"
"Aviator","4","Online"
"Boar Prime Receiver","4","Online"
"Requiem I Intact","4","Online"
"Destreza Prime Handle","4","Online"
"Fragor Prime Head","4","Online"
"Lith V7 Exceptional","4","Offline"
"Zephyr Prime Chassis","4","Online"
"Neo H1 Intact","4","Online"
"Axi C2 Intact","4","Offline"
"Hull Weave (Lavan)","4","Online"
"Axi B2 Intact","4","Offline"
"Meso N9 Intact","4","Online"
"Lith F2 Intact","4","Offline"
"Nami Skyla Prime Blueprint","4","Online"
"Saryn Prime Systems","4","Online"
"Frost Jaw","4","Online"
"Phasic Weave (Vidar)","4","Online"
"Hastened Deflection","4","Online"
"Dakra Prime Blueprint","4","Online"
"Axi S3 Flawless","4","Offline"
"Lith V6 Intact","4","Online"
"Neo V2 Radiant","4","Offline"
"Sharpened Bullets","4","Online"
"Ballistica Prime Upper Limb","4","Online"
"Neo N4 Intact","4","Offline"
"Lith N3 Exceptional","4","Buying"
"Axi B3 Radiant","4","Offline"
"Flailing Branch","4","Online"
"Neo I1 Exceptional","4","Offline"
"Fire Suppression","4","Online"
"Battle Forge","4","Online"
"Tempered Bound","4","Offline"
"Maxima (Vidar)","4","Online"
"Redeemer Prime Blade","4","Online"
"Lith W2 Intact","4","Online"
"Axi R3 Intact","4","Online"
"Braton Prime Blueprint","4","Online"
"Catalyzer Link","4","Online"
"Twirling Spire","4","Online"
"Natural Talent","4","Online"
"Vasto Prime Receiver","4","Online"
"Banshee Prime Blueprint","4","Online"
"Braton Prime Stock","4","Online"
"Bronco Prime Barrel","4","Online"
"Polar Coil (Vidar)","4","Online"
"Neo H2 Intact","4","Offline"
"Boltor Prime Receiver","4","Online"
"Axi K1 Radiant","4","Buying"
"Breach Quanta","4","Online"
"Neo T1 Intact","4","Online"
"Lith S7 Intact","4","Online"
"Air Thrusters","4","Offline"
"Rising Skill","4","Offline"
"Neo V6 Radiant","4","Offline"
"Valana Ayatan Sculpture","3","Online"
"Grim Fury","3","Online"
"Neo S9 Intact","3","Online"
"Lith P2 Intact","3","Online"
"Neo S9 Radiant","3","Offline"
"Neo S1 Radiant","3","Buying"
"Spoiled Strike","3","Online"
"Shrapnel Rounds (Marelok)","3","Offline"
"Bane of Infested","3","Online"
"Equinox Prime Neuroptics","3","Online"
"Ankyros Prime Blueprint","3","Online"
"Protect","3","Online"
"Mecha Pulse","3","Online"
"Brutal Tide","3","Online"
"Lith S4 Intact","3","Online"
"Lith M3 Intact","3","Online"
"Valkyr Prime Neuroptics","3","Online"
"Piv Ayatan Sculpture","3","Online"
"Shell Compression","3","Online"
"Seeking Force","3","Online"
"Neo Z5 Radiant","3","Buying"
"Latron Prime Blueprint","3","Online"
"Rapid Resilience","3","Online"
"Brain Storm (Grakata)","3","Offline"
"Critical Delay","3","Online"
"Collision Force","3","Online"
"Lith V5 Intact","3","Online"
"Arcane Rage","3","Online"
"Cernos Prime String","3","Online"
"Axi K3 Intact","3","Offline"
"Redeemer Prime Blueprint","3","Online"
"Cernos Prime Grip","3","Online"
"Hydraulic Gauge","3","Offline"
"Axi C3 Intact","3","Online"
"EMP Aura","3","Online"
"Neo V6 Intact","3","Offline"
"Gorgon Wraith Receiver","3","Online"
"Lith B5 Radiant","3","Offline"
"Directed Convergence","3","Offline"
"Axi E2 Intact","3","Offline"
"Akbolto Prime Link","3","Online"
"Adrenaline Boost","3","Offline"
"Scimitar Fuselage","3","Online"
"Blind Shot","3","Offline"
"Meso S6 Intact","3","Offline"
"Proboscis","3","Online"
"Neo S8 Intact","3","Online"
"Arcane Pulse","3","Online"
"Rifle Aptitude","3","Online"
"Anode Cell (Vidar)","3","Online"
"Vectis Prime Stock","3","Online"
"Ablative Shell (Lavan)","3","Online"
"Heat Sink (Vidar)","3","Online"
"Vigilante Fervor","3","Online"
"Feathered Arrows","3","Offline"
"Lith O1 Radiant","3","Offline"
"Meso N2 Intact","3","Offline"
"Mirage Prime Neuroptics","3","Online"
"Pyrana Prime Receiver","3","Online"
"Sense Danger","3","Online"
"Emergent Aftermath","3","Offline"
"Mutalist Alad V Assassinate Key","3","Online"
"Lith S2 Radiant","3","Buying"
"Furor","3","Online"
"Galatine Prime Handle","3","Online"
"Thundermiter (Miter)","3","Offline"
"Neo N6 Radiant","3","Buying"
"Lith S5 Radiant","3","Buying"
"Neo Z2 Intact","3","Online"
"Axi V3 Radiant","3","Buying"
"Lith T1 Intact","3","Online"
"Hunter Adrenaline","3","Online"
"Hastened Steps","3","Offline"
"Meso S1 Radiant","3","Buying"
"Deft Tempo","3","Offline"
"Gorgon Wraith Stock","3","Online"
"Lex Prime Barrel","3","Online"
"Axi V7 Intact","3","Offline"
"Precision Munition","3","Offline"
"Arcane Victory","3","Online"
"Battering Maneuver","3","Online"
"Pistol Amp","3","Online"
"Shred","3","Online"
"Lith S7 Radiant","3","Offline"
"Enhanced Durability","3","Online"
"Dera Vandal Blueprint","3","Online"
"Astral Twilight","3","Online"
"Arcane Nullifier","3","Online"
"Gladiator Rush","3","Online"
"Blood for Life","3","Online"
"Lucky Shot","3","Offline"
"Conic Nozzle (Vidar)","3","Online"
"Bronco Prime Blueprint","3","Online"
"Neo F1 Exceptional","3","Buying"
"Astral Slash","3","Online"
"Savagery","3","Online"
"Melee Guidance","3","Online"
"Vital Systems Bypass","3","Offline"
"Triple Tap","3","Offline"
"Paris Prime Grip","3","Online"
"Meso N4 Radiant","3","Buying"
"Axi M1 Intact","3","Offline"
"Concealed Explosives","3","Online"
"Gorgon Wraith Barrel","3","Online"
"Chroma Prime Blueprint","3","Online"
"Seismic Wave","3","Online"
"Sure Shot","3","Online"
"Hit and Run","3","Online"
"Requiem IV Exceptional","3","Offline"
"Axi D1 Intact","3","Online"
"Retribution","3","Online"
"Neo S3 Radiant","3","Buying"
"Helios Prime Carapace","3","Online"
"Neo N8 Radiant","3","Offline"
"Motus Impact","3","Online"
"Lith Z1 Radiant","3","Offline"
"Meso D4 Intact","3","Online"
"Aero Vantage","3","Online"
"Forward Artillery (Lavan)","3","Online"
"Lith K3 Radiant","3","Online"
"Axi G3 Intact","3","Online"
"Braton Prime Receiver","3","Online"
"Meso T1 Radiant","3","Offline"
"Meso E3 Intact","3","Online"
"Paris Prime String","3","Online"
"Plan B","3","Offline"
"Hunter Command","3","Online"
"Contagious Spread","3","Online"
"Axi T3 Intact","3","Online"
"Lith D1 Radiant","3","Offline"
"Pummel","3","Online"
"Soaring Strike","3","Offline"
"Axi S1 Radiant","3","Buying"
"Neo Z1 Intact","3","Offline"
"Helios Prime Blueprint","3","Online"
"Tactical Retreat","3","Offline"
"Lith L2 Intact","3","Online"
"Zhuge Prime Grip","3","Online"
"Lith S8 Radiant","3","Online"
"Measured Burst","3","Offline"
"Sybaris Prime Receiver","3","Online"
"Secondary Wind","3","Offline"
"Vazarin Lens","3","Online"
"Augur Accord","3","Online"
"Ammo Stock","3","Online"
"Heightened Reflexes","3","Offline"
"Unleashed","3","Online"
"Continuous Misery","3","Online"
"Nikana Prime Blueprint","3","Online"
"Heavy Warhead","3","Offline"
"Dig","3","Online"
"Meso H1 Intact","3","Offline"
"Lith Z2 Radiant","3","Offline"
"Neo V2 Intact","3","Online"
"Meso C3 Intact","3","Offline"
"Meso Z2 Intact","3","Online"
"Sovereign Outcast","3","Online"
"Gunslinger","3","Online"
"Streamlined Form","3","Online"
"Lith Z2 Intact","3","Online"
"Polar Coil (Zetki)","3","Online"
"Pack Leader","3","Online"
"Shrapnel Shot","3","Online"
"Neo R3 Intact","3","Online"
"Bleeding Willow","3","Online"
"Sniper Scavenger","3","Online"
"Barrel Diffusion","3","Online"
"Pointed Wind","3","Online"
"Lith M4 Intact","3","Online"
"Meso E2 Intact","3","Online"
"Thumper","3","Online"
"Endurance Drift","2","Online"
"Neo B2 Intact","2","Online"
"Neutralize","2","Offline"
"Oberon Prime Blueprint","2","Online"
"Arcane Healing","2","Online"
"Skull Shots (Viper)","2","Offline"
"Sudden Justice","2","Offline"
"Cernos Prime Blueprint","2","Online"
"Lasting Sting","2","Online"
"Final Tap","2","Offline"
"Lith C4 Radiant","2","Offline"
"Defiled Snapdragon","2","Online"
"Shotgun Savvy","2","Online"
"Large Murkray","2","Online"
"Charged Chamber","2","Online"
"Gladiator Aegis","2","Online"
"Stormbringer","2","Online"
"Oberon Prime Chassis","2","Online"
"Agility Drift","2","Online"
"Seeker Volley","2","Online"
"Meso G1 Intact","2","Offline"
"Fever Strike","2","Online"
"Cleanse Infested","2","Online"
"Cernos Prime Upper Limb","2","Online"
"Lith V1 Intact","2","Offline"
"Eleventh Storm","2","Online"
"Enemy Sense","2","Online"
"Braton Prime Barrel","2","Online"
"Akbronco Prime Link","2","Online"
"Rending Strike","2","Online"
"Depleted Reload","2","Online"
"Neo C1 Intact","2","Online"
"Hush","2","Online"
"Large Cuthol","2","Online"
"Tranquil Cleave","2","Online"
"Virtuos Shadow","2","Online"
"Tactical Pump","2","Online"
"Large Sharrac","2","Online"
"Target Acquired","2","Online"
"Energy Field","2","Online"
"Lith A2 Intact","2","Online"
"Akbronco Prime Blueprint","2","Online"
"Rending Turn","2","Online"
"Large Glappid","2","Online"
"Enduring Affliction","2","Online"
"Sanctuary","2","Online"
"Expel Grineer","2","Online"
"Polar Magazine","2","Online"
"Hollow Point","2","Online"
"Physique","2","Online"
"Piercing Step","2","Online"
"Stradavar Prime Receiver","2","Online"
"Tipedo Prime Blueprint","2","Online"
"Scindo Prime Blueprint","2","Online"
"Killing Blow","2","Online"
"Loyal Companion","2","Online"
"Neo M2 Intact","2","Online"
"Lethal Momentum","2","Online"
"Self Destruct","2","Online"
"Vulpine Mask","2","Online"
"Venka Prime Blades","2","Online"
"Armored Agility","2","Online"
"Meso A1 Intact","2","Offline"
"Broad Eye","2","Online"
"Valkyr Prime Blueprint","2","Online"
"No Return","2","Online"
"Orthos Prime Blade","2","Online"
"Chilling Grasp","2","Online"
"Meso S7 Intact","2","Offline"
"Adorned Tink","2","Online"
"Tek Gravity","2","Online"
"Lith C2 Intact","2","Online"
"Magnificent Charamote","2","Online"
"Rubico Prime Barrel","2","Online"
"Firestorm","2","Online"
"Vectis Prime Blueprint","2","Online"
"Magnificent Tromyzon","2","Online"
"Euphona Prime Blueprint","2","Online"
"Augur Message","2","Online"
"Air Recon","2","Online"
"Magnificent Kriller","2","Online"
"Tempered Blade","2","Online"
"Vital Sense","2","Online"
"Provoked","2","Online"
"Lith Z1 Intact","2","Online"
"Mesa Prime Chassis","2","Online"
"Combustion Beam","2","Online"
"Amber Ayatan Star","2","Online"
"Gnashing Payara","2","Online"
"Patagium","2","Online"
"Akbolto Prime Blueprint","2","Online"
"Lith B4 Exceptional","2","Buying"
"Chroma Prime Chassis","2","Online"
"Meso N8 Intact","2","Online"
"Pistol Pestilence","2","Online"
"Frail Momentum","2","Online"
"Piercing Hit","2","Online"
"Scavenge","2","Online"
"Neo V5 Intact","2","Online"
"Shelter","2","Online"
"Lith T2 Intact","2","Online"
"Destreza Prime Blueprint","2","Online"
"Quickdraw","2","Online"
"Lith A1 Intact","2","Offline"
"Meso N4 Intact","2","Offline"
"Lith P1 Radiant","2","Offline"
"Axi S3 Exceptional","2","Buying"
"Hikou Prime Blueprint","2","Online"
"Cleanse Grineer","2","Online"
"Cleaving Whirlwind","2","Online"
"Limbo Prime Systems","2","Online"
"Gram Prime Blade","2","Online"
"Wolf Sledge Handle","2","Online"
"Axi V9 Radiant","2","Buying"
"Meso N7 Intact","2","Online"
"Meso N6 Flawless","2","Buying"
"Vitality","2","Online"
"Stradavar Prime Barrel","2","Online"
"Adorned Recaster","2","Online"
"Targeting Receptor","2","Offline"
"Neo S12 Intact","2","Online"
"Fang Prime Blade","2","Online"
"Smite Grineer","2","Online"
"Axi K4 Radiant","2","Buying"
"Adorned Kriller","2","Online"
"Burston Prime Blueprint","2","Online"
"Expel Infested","2","Online"
"Akjagara Prime Receiver","2","Online"
"Kogake Prime Boot","2","Online"
"Motus Signal","2","Online"
"Meso R1 Intact","2","Online"
"Lith C3 Intact","2","Online"
"Neo A3 Intact","2","Online"
"Axi K2 Intact","2","Offline"
"Akbolto Prime Barrel","2","Online"
"Gas City Lobby Scene","2","Offline"
"Hellfire","2","Online"
"Axi A3 Intact","2","Offline"
"Tiberon Prime Blueprint","2","Online"
"Meso S5 Intact","2","Offline"
"Slicing Feathers","2","Online"
"Parry","2","Online"
"Gorgon Wraith Blueprint","2","Online"
"Sybaris Prime Blueprint","2","Online"
"Hull Weave (Sigma)","2","Offline"
"Augur Pact","2","Online"
"Pathogen Rounds","2","Online"
"Spira Prime Blueprint","2","Online"
"Magnificent Synathid","2","Online"
"Nebula Bore","2","Online"
"Wolf Sledge Head","2","Online"
"Homing Fang","2","Online"
"Pistol Ammo Mutation","2","Online"
"Tekko Prime Blueprint","2","Online"
"Lith L2 Radiant","2","Offline"
"Toxin Resistance","2","Online"
"Slip Magazine","2","Online"
"Pounce","2","Online"
"Magnificent Longwinder","2","Online"
"Large Norg","2","Online"
"Bane of Corpus","2","Online"
"Lith B2 Intact","2","Online"
"Magnificent Recaster","2","Online"
"Neo K1 Intact","2","Online"
"Reflex Coil","2","Online"
"Lith B4 Flawless","2","Buying"
"Meso O2 Intact","2","Online"
"Lith V8 Exceptional","2","Buying"
"Large Karkina","2","Online"
"Antitoxin","2","Online"
"Large Khut-Khut","2","Online"
"Wukong Prime Neuroptics","2","Online"
"Magnificent Tink","2","Online"
"Master Key","2","Online"
"Meso T2 Intact","2","Offline"
"Afterburner","2","Online"
"Axi A7 Intact","2","Online"
"Grinloked","2","Offline"
"Kuva Fortress Crevice Scene","2","Online"
"Lato Vandal Receiver","2","Online"
"Grineer Sealab Centrifuge Scene","2","Online"
"Galatine Prime Blade","2","Online"
"Meteor Crash","2","Online"
"Basic Kriller","2","Online"
"Calculated Redirection","2","Online"
"Mischief","1","Online"
"Cat's Eye","1","Online"
"Parallax Scope","1","Online"
"Meso A2 Intact","1","Offline"
"Aero Periphery","1","Online"
"Adorned Tromyzon","1","Online"
"Cunning Aspect","1","Offline"
"Argent Scourge","1","Offline"
"Gaia's Tragedy","1","Online"
"Warrior","1","Offline"
"Biting Piranha","1","Offline"
"Pistol Gambit","1","Online"
"Radiant Zodian","1","Online"
"Basic Recaster","1","Online"
"Blood for Ammo","1","Online"
"Ninkondi Prime Chain","1","Online"
"Neo Z4 Intact","1","Online"
"Lith C5 Radiant","1","Buying"
"Lith K3 Intact","1","Online"
"Gas City Alad's Laboratory Scene","1","Online"
"Charm","1","Online"
"Basic Tromyzon","1","Online"
"Meso K2 Intact","1","Offline"
"Basic Charamote","1","Online"
"Shadow Harvest","1","Offline"
"Vile Precision","1","Online"
"Small Mortus Lungfish","1","Online"
"Rifle Ammo Mutation","1","Online"
"Fang Prime Handle","1","Online"
"Medium Sharrac","1","Offline"
"Adorned Synathid","1","Online"
"Dividing Blades","1","Offline"
"Quaking Hand","1","Offline"
"Incendiary Coat","1","Online"
"Pyrana Prime Barrel","1","Online"
"Gram Prime Blueprint","1","Online"
"Shimmering Blight","1","Online"
"Territorial Aggression","1","Online"
"Magus Cloud","1","Online"
"Sharpened Claws","1","Online"
"Swipe","1","Online"
"Meso Z1 Intact","1","Online"
"Basic Longwinder","1","Online"
"Vaporize","1","Online"
"Mafic Rain","1","Offline"
"Star Divide","1","Offline"
"Spare Parts","1","Online"
"Flechette","1","Online"
"Superior Defenses","1","Online"
"Lith P1 Intact","1","Online"
"Dispatch Overdrive","1","Online"
"Medium Yogwun","1","Offline"
"Medium Glappid","1","Online"
"Ignis Wraith Blueprint","1","Online"
"Hunter Synergy","1","Online"
"Hydraulic Barrel","1","Offline"
"Medium Cuthol","1","Online"
"Virtuos Null","1","Online"
"Kill Switch","1","Offline"
"Small Tralok","1","Online"
"Creeping Bullseye","1","Online"
"Fateful Truth","1","Offline"
"Neo L1 Intact","1","Online"
"Magus Vigor","1","Online"
"Medium Mortus Lungfish","1","Online"
"Argon Plating","1","Online"
"Neo M1 Intact","1","Online"
"Jagged Edge","1","Online"
"Heated Charge","1","Online"
"Magnificent Eye-Eye","1","Online"
"Flow","1","Online"
"Heavy Impact","1","Online"
"Adorned Brickie","1","Offline"
"Arcane Trickery","1","Online"
"Thunderbolt","1","Online"
"Shotgun Spazz","1","Online"
"Rush","1","Online"
"Critical Deceleration","1","Online"
"Fired Up","1","Online"
"Disruptor","1","Online"
"Radian Sentirum","1","Online"
"Rending Wind","1","Offline"
"Noble Cadence","1","Offline"
"Vicious Approach","1","Offline"
"Tainted Clip","1","Online"
"Swirling Tiger","1","Online"
"Scarlet Hurricane","1","Offline"
"Vigilante Pursuit","1","Online"
"Lashing Coil","1","Offline"
"Tainted Hydra","1","Offline"
"Crashing Havoc","1","Offline"
"Relentless Combination","1","Online"
"Bulkhead (Sigma)","1","Offline"
"Basic Eye-Eye","1","Online"
"Adorned Eye-Eye","1","Online"
"Crashing Timber","1","Offline"
"Sawtooth Clip","1","Online"
"Rubedo-Lined Barrel","1","Online"
"Pressure Point","1","Online"
"Gemini Cross","1","Online"
"Sundering Strike","1","Online"
"Infected Clip","1","Online"
"Adorned Charamote","1","Online"
"Undying Will","1","Online"
"Lingering Torment","1","Online"
"Stabilizer","1","Online"
"Medium Karkina","1","Online"
"Blunderbuss","1","Online"
"Ghost","1","Online"
"Celestial Nightfall","1","Offline"
"Point Blank","1","Online"
"Shocking Touch","1","Online"
"Intensify","1","Online"
"Mesa Prime Blueprint","1","Online"
"Small Norg","1","Online"
"Steady Hands","1","Online"
"Static Alacrity (Staticor)","1","Offline"
"Finishing Touch","1","Online"
"Fortitude","1","Online"
"Convulsion","1","Online"
"Basic Tink","1","Online"
"Marquise Thyst","1","Online"
"Small Sharrac","1","Online"
"Last Herald","1","Offline"
"Sudden Impact","1","Online"
"Ferocity","1","Online"
"Lith A3 Intact","1","Online"
"Orthos Prime Blueprint","1","Online"
"Meso Z3 Intact","1","Online"
"Concussion Rounds","1","Online"
"Crowd Dispersion","1","Online"
"Hawk Eye","1","Online"
"Banshee Prime Neuroptics","1","Online"
"Howl","1","Online"
"Medium Murkray","1","Online"
"Small Glappid","1","Online"
"Lex Prime Blueprint","1","Online"
"Neo N8 Intact","1","Online"
"Medium Tralok","1","Online"
"Focused Acceleration","1","Offline"
"Small Charc Eel","1","Online"
"Meso S8 Intact","1","Online"
"Heart Nyth","1","Online"
"Regen","1","Online"
"Basic Synathid","1","Online"
"Rising Steel","1","Offline"
"Charged Shell","1","Online"
"Steel Fiber","1","Online"
"Piercing Fury","1","Offline"
"Burdened Magazine","1","Online"
"Assault Mode","1","Online"
"Lith C1 Intact","1","Offline"
"Rubico Prime Receiver","1","Online"
"Magazine Warp","1","Online"
"Neo G1 Intact","1","Online"
"Meso T3 Intact","1","Online"
"Meso O1 Intact","1","Offline"
"Metal Fiber","1","Online"
"Medium Norg","1","Online"
"Gorgon Frenzy","1","Offline"
"True Steel","1","Online"
"Enhanced Vitality","1","Online"
"Stunning Speed","1","Online"
"Small Karkina","1","Online"
"Mobilize","1","Online"
"Ice Spring","1","Online"
"Lightning Dash","1","Online"
"Cryo Rounds","1","Online"
"Melee Prowess","1","Online"
"Intruder","1","Online"
"Fatal Acceleration","1","Online"
"Thief's Wit","1","Online"
"Lith B6 Intact","1","Online"
"Clashing Forest","1","Online"
"Orvius Blade","1","Online"
"Wildfire","1","Online"
"Accelerated Deflection","1","Online"
"Silva & Aegis Prime Hilt","1","Online"
"Cold Snap","1","Online"
"Paris Prime Upper Limb","1","Online"
"Lightning Rod","1","Online"
"Coiling Viper","1","Online"
"Burston Prime Stock","1","Online"
"Extend","1","Online"
"Small Cuthol","1","Online"
"Neo R2 Intact","1","Online"
"Sinister Reach","1","Online"
"Sinking Talon","1","Online"
"Terminal Velocity","1","Online"
"Medium Charc Eel","1","Online"
"Sybaris Prime Stock","1","Online"
"Firewalker","1","Online"
"Fury","1","Online"
"Streamline","1","Online"
"Large Charc Eel","1","Online"
"Neo Z3 Intact","1","Online"
"Brief Respite","1","Online"
"Limbo Prime Blueprint","1","Online"
"Zephyr Prime Neuroptics","1","Online"
"Vigilante Vigor","1","Online"
"Hunter Track","1","Online"
"Smite Infested","1","Online"
"Axi L1 Flawless","1","Buying"
"Toxic Flight","1","Online"
"Arcane Momentum","1","Online"
"Kronen Prime Blueprint","1","Online"
"Hunter Recovery","1","Online"
"Razor Munitions","1","Buying"
"Large Yogwun","1","Online"
"Neo R2 Exceptional","1","Offline"
"Tainted Mag","1","Online"
"Large Mortus Lungfish","1","Online"
"Orthos Prime Handle","1","Online"
"Large Tralok","1","Offline"
"Organ Shatter","1","Online"
"Blind Justice","1","Online"
"Diamond Skin","1","Online"
"Bronco Prime Receiver","1","Online"
"Hornet Strike","1","Online"
"Redirection","1","Online"
"Small Murkray","1","Online"
"Cutting Edge","1","Online"
"Full Contact","1","Online"
"Seeking Fury","1","Online"
"Neo S7 Intact","1","Online"
"Stealth Drift","1","Online"
"Shock Absorbers","1","Online"
"Crash Course","1","Online"
"Guardian","1","Online"
"Guardian Derision","1","Online"
"Lith K2 Radiant","1","Offline"
"Perpetual Agony","1","Online"
"Ravage","1","Online"
"Life Strike","1","Online"
"Point Strike","1","Online"
"Seeker","1","Online"
"Sundering Weave","0","Online"
"Arrow Mutation","0","Online"
"Meso V6 Intact","0","Offline"
"Hell's Chamber","0","Online"
"Lith W2 Radiant","0","Offline"
"North Wind","0","Online"
"Neo G2 Intact","0","Offline"
"Ice Storm","0","Online"
"Paris Prime Blueprint","0","Online"
"Orvius Disc","0","Online"
"Shotgun Ammo Mutation","0","Online"
"Corpus Ship Freight Scene","0","Online"
"Meso T1 Intact","0","Offline"
"Full Capacity","0","Offline"
"Medium Khut-Khut","0","Offline"
"Split Chamber","0","Online"
"Razor Shot","0","Online"
"Small Mawfish","0","Offline"
"Meso L1 Intact","0","Offline"
"Magnificent Sapcaddy","0","Online"
"Loose Magazine","0","Offline"
"Magnificent Echowinder","0","Online"
"Neo A2 Intact","0","Offline"
"Reaping Spiral","0","Online"
"Suppress","0","Online"
"Smooth Phasmin","0","Online"
"Adorned Echowinder","0","Online"
"Magnificent Scrubber","0","Online"
"Adorned Sapcaddy","0","Online"
"Basic Sapcaddy","0","Online"
"Burston Prime Receiver","0","Online"
"Basic Echowinder","0","Online"
"Fang Prime Blueprint","0","Online"
"Magnificent Brickie","0","Online"
"Basic Brickie","0","Online"
"Proof Fragment","0","Offline"
"Magnificent Mirewinder","0","Online"
"Adorned Mirewinder","0","Online"
"Adorned Longwinder","0","Online"
"Sniper Ammo Mutation","0","Online"
"Small Goopolla","0","Online"
"Maximum Capacity","0","Offline"
"Lith S8 Intact","0","Offline"
"Arcane Consequence","0","Online"
"Warm Coat","0","Online"
"Cyan Ayatan Star","0","Online"
"Akjagara Prime Blueprint","0","Online"
"Energy Channel","0","Online"
"Goblite Tears","0","Online"
"Reflection","0","Online"
"Adorned Scrubber","0","Online"
"Lith V8 Intact","0","Offline"
"Flux Overdrive","0","Online"
"Basic Scrubber","0","Online"
"Amethyst antitoxin","0","Offline"
"Heart Noctrul","0","Online"
"Burning Wasp","0","Online"
"Stretch","0","Online"
"Basic Mirewinder","0","Online"
"Shield Charger","0","Online"
"Lith K2 Intact","0","Online"
"Power Throw","0","Online"
"Seismic Palm","0","Online"
"Spinning Needle","0","Online"
"Accelerated Blast","0","Online"
"Loose Hatch","0","Offline"
"Chilling Reload","0","Online"
"Static Discharge","0","Online"
"Pain Threshold","0","Online"
"Medi-Pet Kit","0","Online"
"Arcane Warmth","0","Online"
"Serration","0","Online"
"Loaded Capacity","0","Offline"
"Star Crimzian","0","Online"
"Loose Chamber","0","Offline"
"Tear Azurite","0","Online"
"Kinetic Ricochet","0","Online"
"Thermagnetic Shells","0","Online"
"Adhesive Blast","0","Online"
"Medium Goopolla","0","Online"
"Marquise Veridos","0","Online"
"Iron Phoenix","0","Online"
"Reach","0","Online"
"Trick Mag","0","Offline"
"Rupture","0","Online"
"Fracturing Wind","0","Online"
"Lith C4 Intact","0","Online"
"Fatal Attraction","0","Online"
"Esher Devar","0","Online"
"Small Khut-Khut","0","Offline"
"Medium Mawfish","0","Offline"
"Crossing Snakes","0","Online"
"Arcane Eruption","0","Online"
"Tether Grenades","0","Online"
"Tainted Shell","0","Online"
"Equinox Prime Chassis","0","Online"
"Tipedo Prime Ornament","0","Online"
"Ammo Case","0","Offline"
"Speed Trigger","0","Online"
"Shredder","0","Offline"
"Fast Hands","0","Offline"
"Arcane Ice","0","Online"
"Large Goopolla","0","Offline"
"Arcane Agility","0","Online"
"Metal Auger","0","Online"
"Star Amarast","0","Online"
"Paris Prime Lower Limb","0","Online"
"Arcane Tempo","0","Online"
"Hikou Prime Set","0","Online"
"Reflect","0","Online"
"Arcane Arachne","0","Online"
"Large Mawfish","0","Offline"
"Heavy Trauma","0","Online"
"Arcane Deflection","0","Online"
"Reflex Guard","0","Online"
"Small Yogwun","0","Offline"
"Meso C3 Exceptional","-1","Unlisted"
"Requiem I Flawless","-1","Unlisted"
"Requiem II Exceptional","-1","Unlisted"
"Neo N7 Exceptional","-1","Unlisted"
"Neo F1 Flawless","-1","Unlisted"
"Meso V5 Radiant","-1","Unlisted"
"Meso E1 Exceptional","-1","Unlisted"
"Axi E2 Flawless","-1","Unlisted"
"Meso D4 Flawless","-1","Unlisted"
"Neo B4 Radiant","-1","Unlisted"
"Axi C1 Flawless","-1","Unlisted"
"Requiem III Exceptional","-1","Unlisted"
"Meso V3 Flawless","-1","Unlisted"
"Meso E2 Exceptional","-1","Unlisted"
"Axi V6 Exceptional","-1","Unlisted"
"Meso S2 Exceptional","-1","Unlisted"
"Neo T2 Exceptional","-1","Unlisted"
"Axi N5 Exceptional","-1","Unlisted"
"Meso E1 Flawless","-1","Unlisted"
"Meso N5 Flawless","-1","Unlisted"
"Lith N2 Exceptional","-1","Unlisted"
"Neo S8 Flawless","-1","Unlisted"
"Low Current Leap","-1","Unlisted"
"Lith G2 Flawless","-1","Unlisted"
"Neo B1 Flawless","-1","Unlisted"
"Neo S7 Flawless","-1","Unlisted"
"Lith V1 Exceptional","-1","Unlisted"
"Meso T1 Flawless","-1","Unlisted"
"Axi P2 Exceptional","-1","Unlisted"
"Surplus Diverters","-1","Unlisted"
"Lith H2 Flawless","-1","Unlisted"
"Requiem II Flawless","-1","Unlisted"
"Axi K2 Exceptional","-1","Unlisted"
"Axi S2 Exceptional","-1","Unlisted"
"Lith G2 Exceptional","-1","Unlisted"
"Axi C2 Flawless","-1","Unlisted"
"Axi A2 Exceptional","-1","Unlisted"
"Meso W1 Radiant","-1","Unlisted"
"Neo N4 Flawless","-1","Unlisted"
"Neo B2 Exceptional","-1","Unlisted"
"Requiem I Exceptional","-1","Unlisted"
"Requiem IV Flawless","-1","Unlisted"
"Neo B3 Exceptional","-1","Unlisted"
"Lith S8 Flawless","-1","Unlisted"
"Lith K3 Flawless","-1","Unlisted"
"Neo K1 Flawless","-1","Unlisted"
"Axi H3 Exceptional","-1","Unlisted"
"Neo Z4 Exceptional","-1","Unlisted"
"Axi V3 Exceptional","-1","Unlisted"
"Meso S9 Flawless","-1","Unlisted"
"Neo B2 Flawless","-1","Unlisted"
"Lith T1 Exceptional","-1","Unlisted"
"Axi G3 Exceptional","-1","Unlisted"
"Neo A3 Exceptional","-1","Unlisted"
"Lith V6 Exceptional","-1","Unlisted"
"Meso S9 Exceptional","-1","Unlisted"
"Axi A6 Flawless","-1","Unlisted"
"Neo T1 Flawless","-1","Unlisted"
"Neo A3 Flawless","-1","Unlisted"
"Axi T3 Exceptional","-1","Unlisted"
"Neo K1 Exceptional","-1","Unlisted"
"Axi R3 Exceptional","-1","Unlisted"
"Axi G3 Flawless","-1","Unlisted"
"Axi T3 Flawless","-1","Unlisted"
"Axi R3 Flawless","-1","Unlisted"
"Meso E3 Exceptional","-1","Unlisted"
"Axi B1 Exceptional","-1","Unlisted"
"Axi K1 Flawless","-1","Unlisted"
"Meso O2 Exceptional","-1","Unlisted"
"Axi O2 Flawless","-1","Unlisted"
"Meso B3 Flawless","-1","Unlisted"
"Meso E3 Flawless","-1","Unlisted"
"Axi H3 Flawless","-1","Unlisted"
"Axi K5 Exceptional","-1","Unlisted"
"Meso T1 Exceptional","-1","Unlisted"
"Neo H1 Flawless","-1","Unlisted"
"Neo N7 Flawless","-1","Unlisted"
"Meso T2 Exceptional","-1","Unlisted"
"Meso V5 Exceptional","-1","Unlisted"
"Lith S8 Exceptional","-1","Unlisted"
"Meso W1 Flawless","-1","Unlisted"
"Lith A1 Flawless","-1","Unlisted"
"Meso S4 Flawless","-1","Unlisted"
"Meso O1 Radiant","-1","Unlisted"
"Neo S5 Exceptional","-1","Unlisted"
"Neo B4 Flawless","-1","Unlisted"
"Lith K3 Exceptional","-1","Unlisted"
"Axi N1 Exceptional","-1","Unlisted"
"Lith V6 Flawless","-1","Unlisted"
"Lith K1 Flawless","-1","Unlisted"
"Neo Z4 Flawless","-1","Unlisted"
"Meso L1 Flawless","-1","Unlisted"
"Lith S5 Flawless","-1","Unlisted"
"Lith B1 Exceptional","-1","Unlisted"
"Meso K1 Flawless","-1","Unlisted"
"Axi S1 Exceptional","-1","Unlisted"
"Axi A9 Exceptional","-1","Unlisted"
"Axi V8 Flawless","-1","Unlisted"
"Neo Z5 Flawless","-1","Unlisted"
"Meso K1 Radiant","-1","Unlisted"
"Axi A8 Exceptional","-1","Unlisted"
"Neo V6 Exceptional","-1","Unlisted"
"Neo L1 Flawless","-1","Unlisted"
"Axi L2 Flawless","-1","Unlisted"
"Lith V7 Flawless","-1","Unlisted"
"Axi K3 Flawless","-1","Unlisted"
"Meso S6 Exceptional","-1","Unlisted"
"Neo D1 Flawless","-1","Unlisted"
"Meso K1 Exceptional","-1","Unlisted"
"Meso B4 Exceptional","-1","Unlisted"
"Neo V3 Radiant","-1","Unlisted"
"Meso R2 Flawless","-1","Unlisted"
"Axi D2 Radiant","-1","Unlisted"
"Axi B2 Exceptional","-1","Unlisted"
"Meso R2 Exceptional","-1","Unlisted"
"Neo R3 Exceptional","-1","Unlisted"
"Lith W2 Exceptional","-1","Unlisted"
"Axi B3 Exceptional","-1","Unlisted"
"Axi A2 Flawless","-1","Unlisted"
"Axi H2 Exceptional","-1","Unlisted"
"Axi K1 Exceptional","-1","Unlisted"
"Lith C1 Flawless","-1","Unlisted"
"Neo R3 Flawless","-1","Unlisted"
"Meso F3 Exceptional","-1","Unlisted"
"Lith V2 Flawless","-1","Unlisted"
"Meso S1 Flawless","-1","Unlisted"
"Meso L1 Exceptional","-1","Unlisted"
"Neo A4 Exceptional","-1","Unlisted"
"Meso F1 Flawless","-1","Unlisted"
"Neo E1 Flawless","-1","Unlisted"
"Meso C4 Exceptional","-1","Unlisted"
"Meso C4 Flawless","-1","Unlisted"
"Axi S2 Flawless","-1","Unlisted"
"Axi A7 Flawless","-1","Unlisted"
"Axi P3 Exceptional","-1","Unlisted"
"Axi P3 Radiant","-1","Unlisted"
"Meso Z1 Flawless","-1","Unlisted"
"Lith V8 Radiant","-1","Unlisted"
"Axi P3 Flawless","-1","Unlisted"
"Axi L2 Exceptional","-1","Unlisted"
"Axi A7 Exceptional","-1","Unlisted"
"Neo I1 Flawless","-1","Unlisted"
"Neo G2 Flawless","-1","Unlisted"
"Neo V7 Exceptional","-1","Unlisted"
"Axi A9 Flawless","-1","Unlisted"
"Meso R2 Radiant","-1","Unlisted"
"Meso V6 Exceptional","-1","Unlisted"
"Axi V3 Flawless","-1","Unlisted"
"Lith W2 Flawless","-1","Unlisted"
"Axi K3 Exceptional","-1","Unlisted"
"Meso V6 Radiant","-1","Unlisted"
"Meso N9 Flawless","-1","Unlisted"
"Meso H1 Flawless","-1","Unlisted"
"Meso B4 Flawless","-1","Unlisted"
"Lith S2 Exceptional","-1","Unlisted"
"Lith C3 Exceptional","-1","Unlisted"
"Axi V7 Flawless","-1","Unlisted"
"Enguard","-1","Unlisted"
"Meso S6 Flawless","-1","Unlisted"
"Comet Rounds","-1","Unlisted"
"Meso V2 Flawless","-1","Unlisted"
"Lith B1 Flawless","-1","Unlisted"
"Axi N4 Exceptional","-1","Unlisted"
"Meso V1 Flawless","-1","Unlisted"
"Meso S7 Radiant","-1","Unlisted"
"Axi D2 Flawless","-1","Unlisted"
"Neo S8 Radiant","-1","Unlisted"
"Lith A2 Flawless","-1","Unlisted"
"Lith H1 Flawless","-1","Unlisted"
"Axi C2 Exceptional","-1","Unlisted"
"Lith H1 Exceptional","-1","Unlisted"
"Meso S1 Exceptional","-1","Unlisted"
"Meso G1 Exceptional","-1","Unlisted"
"Meso N4 Flawless","-1","Unlisted"
"Neo S8 Exceptional","-1","Unlisted"
"Axi B3 Flawless","-1","Unlisted"
"Lie In Wait","-1","Unlisted"
"Lith A2 Exceptional","-1","Unlisted"
"Neo A4 Flawless","-1","Unlisted"
"Axi A3 Exceptional","-1","Unlisted"
"Meso B2 Flawless","-1","Unlisted"
"Lith P1 Flawless","-1","Unlisted"
"Axi D2 Exceptional","-1","Unlisted"
"Neo M1 Exceptional","-1","Unlisted"
"Meso N2 Exceptional","-1","Unlisted"
"Meso C3 Flawless","-1","Unlisted"
"Neo B3 Flawless","-1","Unlisted"
"Axi C2 Radiant","-1","Unlisted"
"Neo K2 Flawless","-1","Unlisted"
"Meso N2 Flawless","-1","Unlisted"
"Neo K2 Exceptional","-1","Unlisted"
"Meso V2 Exceptional","-1","Unlisted"
"Neo D1 Exceptional","-1","Unlisted"
"Neo R3 Radiant","-1","Unlisted"
"Meso V1 Exceptional","-1","Unlisted"
"Axi A8 Flawless","-1","Unlisted"
"Neo H2 Exceptional","-1","Unlisted"
"Axi N2 Flawless","-1","Unlisted"
"Neo G1 Exceptional","-1","Unlisted"
"Meso V6 Flawless","-1","Unlisted"
"Axi R1 Flawless","-1","Unlisted"
"Meso T3 Exceptional","-1","Unlisted"
"Lith S6 Radiant","-1","Unlisted"
"Lith V8 Flawless","-1","Unlisted"
"Axi O1 Exceptional","-1","Unlisted"
"Axi B1 Flawless","-1","Unlisted"
"Lith F1 Flawless","-1","Unlisted"
"Lith S4 Exceptional","-1","Unlisted"
"Lith C3 Flawless","-1","Unlisted"
"Meso F1 Radiant","-1","Unlisted"
"Lith N3 Flawless","-1","Unlisted"
"Lith V4 Flawless","-1","Unlisted"
"Meso R1 Flawless","-1","Unlisted"
"Axi E2 Exceptional","-1","Unlisted"
"Lith B5 Flawless","-1","Unlisted"
"Axi H4 Exceptional","-1","Unlisted"
"Neo N1 Exceptional","-1","Unlisted"
"Axi V6 Flawless","-1","Unlisted"
"Axi N4 Flawless","-1","Unlisted"
"Meso B2 Exceptional","-1","Unlisted"
"Lith Z2 Exceptional","-1","Unlisted"
"Lith S6 Exceptional","-1","Unlisted"
"Meso H1 Exceptional","-1","Unlisted"
"Neo N5 Flawless","-1","Unlisted"
"Neo V2 Exceptional","-1","Unlisted"
"Meso M1 Flawless","-1","Unlisted"
"Neo H2 Flawless","-1","Unlisted"
"Meso S8 Exceptional","-1","Unlisted"
"Meso O1 Flawless","-1","Unlisted"
"Meso Z2 Flawless","-1","Unlisted"
"Scan Lifeforms","-1","Unlisted"
"Lith K2 Exceptional","-1","Unlisted"
"Neo Z2 Flawless","-1","Unlisted"
"Axi A5 Flawless","-1","Unlisted"
"Meso M2 Exceptional","-1","Unlisted"
"Axi R2 Exceptional","-1","Unlisted"
"Axi V5 Flawless","-1","Unlisted"
"Lith M2 Flawless","-1","Unlisted"
"Meso G1 Flawless","-1","Unlisted"
"Neo N9 Exceptional","-1","Unlisted"
"Meso P1 Flawless","-1","Unlisted"
"Meso A1 Radiant","-1","Unlisted"
"Lith S6 Flawless","-1","Unlisted"
"Axi G1 Exceptional","-1","Unlisted"
"Lith S3 Flawless","-1","Unlisted"
"Meso B3 Exceptional","-1","Unlisted"
"Axi C4 Flawless","-1","Unlisted"
"Axi A5 Exceptional","-1","Unlisted"
"Neo N9 Flawless","-1","Unlisted"
"Lith C2 Flawless","-1","Unlisted"
"Neo Z2 Radiant","-1","Unlisted"
"Axi T1 Flawless","-1","Unlisted"
"Axi N3 Exceptional","-1","Unlisted"
"Neo Z3 Radiant","-1","Unlisted"
"Meso N5 Exceptional","-1","Unlisted"
"Lith B2 Flawless","-1","Unlisted"
"Lith V4 Radiant","-1","Unlisted"
"Axi T1 Exceptional","-1","Unlisted"
"Meso A2 Exceptional","-1","Unlisted"
"Axi N3 Flawless","-1","Unlisted"
"Meso V5 Flawless","-1","Unlisted"
"Axi O3 Exceptional","-1","Unlisted"
"Meso M2 Flawless","-1","Unlisted"
"Meso D2 Exceptional","-1","Unlisted"
"Meso D2 Flawless","-1","Unlisted"
"Lith N1 Flawless","-1","Unlisted"
"Lith L1 Flawless","-1","Unlisted"
"Lith B3 Flawless","-1","Unlisted"
"Meso T3 Flawless","-1","Unlisted"
"Neo Z3 Flawless","-1","Unlisted"
"Neo N3 Flawless","-1","Unlisted"
"Meso V4 Flawless","-1","Unlisted"
"Lith M3 Exceptional","-1","Unlisted"
"Neo N3 Exceptional","-1","Unlisted"
"Axi C4 Exceptional","-1","Unlisted"
"Axi A3 Flawless","-1","Unlisted"
"Lith C2 Exceptional","-1","Unlisted"
"Lith N2 Flawless","-1","Unlisted"
"Lith H2 Exceptional","-1","Unlisted"
"Axi O2 Radiant","-1","Unlisted"
"Axi C3 Exceptional","-1","Unlisted"
"Axi O4 Exceptional","-1","Unlisted"
"Neo Z1 Flawless","-1","Unlisted"
"Neo S6 Flawless","-1","Unlisted"
"Lith M3 Flawless","-1","Unlisted"
"Neo E1 Exceptional","-1","Unlisted"
"Meso A1 Exceptional","-1","Unlisted"
"Lith S5 Exceptional","-1","Unlisted"
"Lith M4 Flawless","-1","Unlisted"
"Meso M3 Exceptional","-1","Unlisted"
"Lith K1 Exceptional","-1","Unlisted"
"Axi H2 Flawless","-1","Unlisted"
"Neo N10 Radiant","-1","Unlisted"
"Meso Z3 Flawless","-1","Unlisted"
"Meso Z3 Exceptional","-1","Unlisted"
"Axi T2 Flawless","-1","Unlisted"
"Neo N10 Flawless","-1","Unlisted"
"Axi R2 Flawless","-1","Unlisted"
"Axi C1 Exceptional","-1","Unlisted"
"Meso B1 Exceptional","-1","Unlisted"
"Meso A1 Flawless","-1","Unlisted"
"Axi L3 Flawless","-1","Unlisted"
"Lith V1 Flawless","-1","Unlisted"
"Lith S2 Flawless","-1","Unlisted"
"Neo V8 Flawless","-1","Unlisted"
"Axi L3 Exceptional","-1","Unlisted"
"Axi T2 Radiant","-1","Unlisted"
"Axi V2 Flawless","-1","Unlisted"
"Axi M1 Flawless","-1","Unlisted"
"Meso K2 Exceptional","-1","Unlisted"
"Neo S12 Exceptional","-1","Unlisted"
"Axi L5 Flawless","-1","Unlisted"
"Axi A1 Flawless","-1","Unlisted"
"Neo V1 Flawless","-1","Unlisted"
"Axi V1 Exceptional","-1","Unlisted"
"Axi G1 Flawless","-1","Unlisted"
"Lith A3 Exceptional","-1","Unlisted"
"Lith A3 Flawless","-1","Unlisted"
"Neo S11 Flawless","-1","Unlisted"
"Lith P2 Exceptional","-1","Unlisted"
"Neo V8 Exceptional","-1","Unlisted"
"Neo S3 Flawless","-1","Unlisted"
"Neo S3 Exceptional","-1","Unlisted"
"Meso N7 Flawless","-1","Unlisted"
"Axi P1 Radiant","-1","Unlisted"
"Meso B1 Flawless","-1","Unlisted"
"Neo V5 Exceptional","-1","Unlisted"
"Meso Z2 Exceptional","-1","Unlisted"
"Meso S4 Exceptional","-1","Unlisted"
"Kinetic Collision","-1","Unlisted"
"Neo S11 Exceptional","-1","Unlisted"
"Neo N4 Exceptional","-1","Unlisted"
"Neo M2 Exceptional","-1","Unlisted"
"Axi V5 Exceptional","-1","Unlisted"
"Neo V4 Exceptional","-1","Unlisted"
"Lith M2 Exceptional","-1","Unlisted"
"Axi S4 Exceptional","-1","Unlisted"
"Neo S10 Exceptional","-1","Unlisted"
"Axi S4 Flawless","-1","Unlisted"
"Lith S4 Radiant","-1","Unlisted"
"Neo S10 Flawless","-1","Unlisted"
"Meso S5 Flawless","-1","Unlisted"
"Meso N3 Flawless","-1","Unlisted"
"Meso C2 Flawless","-1","Unlisted"
"Meso C2 Radiant","-1","Unlisted"
"Neo Z2 Exceptional","-1","Unlisted"
"Lith C4 Flawless","-1","Unlisted"
"Lith B6 Flawless","-1","Unlisted"
"Axi K5 Flawless","-1","Unlisted"
"Neo N10 Exceptional","-1","Unlisted"
"Neo S9 Flawless","-1","Unlisted"
"Meso B1 Radiant","-1","Unlisted"
"Meso E2 Flawless","-1","Unlisted"
"Neo C1 Flawless","-1","Unlisted"
"Meso C1 Flawless","-1","Unlisted"
"Neo C1 Exceptional","-1","Unlisted"
"Axi V4 Exceptional","-1","Unlisted"
"Meso V3 Exceptional","-1","Unlisted"
"Meso C1 Exceptional","-1","Unlisted"
"Axi T2 Exceptional","-1","Unlisted"
"Lith B6 Exceptional","-1","Unlisted"
"Neo V3 Exceptional","-1","Unlisted"
"Neo S6 Radiant","-1","Unlisted"
"Meso A2 Radiant","-1","Unlisted"
"Axi H1 Flawless","-1","Unlisted"
"Beryl antitoxin","-1","Unlisted"
"Meso N1 Exceptional","-1","Unlisted"
"Vermillion antitoxin","-1","Unlisted"
"Neo V7 Flawless","-1","Unlisted"
"Axi L5 Exceptional","-1","Unlisted"
"Lapis antitoxin","-1","Unlisted"
"Meso F1 Exceptional","-1","Unlisted"
"Neo B1 Exceptional","-1","Unlisted"
"Citrine antitoxin","-1","Unlisted"
"Lith C5 Exceptional","-1","Unlisted"
"Axi S5 Exceptional","-1","Unlisted"
"Lith V3 Flawless","-1","Unlisted"
"Neo R2 Flawless","-1","Unlisted"
"Axi G2 Exceptional","-1","Unlisted"
"Topaz antitoxin","-1","Unlisted"
"Meso M1 Exceptional","-1","Unlisted"
"Meso N1 Flawless","-1","Unlisted"
"Neo N1 Flawless","-1","Unlisted"
"Axi K3 Radiant","-1","Unlisted"
"Lith N1 Exceptional","-1","Unlisted"
"Meso K2 Flawless","-1","Unlisted"
"Axi O3 Flawless","-1","Unlisted"
"Neo S12 Flawless","-1","Unlisted"
"Lith S1 Flawless","-1","Unlisted"
"Lith S1 Radiant","-1","Unlisted"
"Neo A1 Exceptional","-1","Unlisted"
"Meso C2 Exceptional","-1","Unlisted"
"Axi D1 Exceptional","-1","Unlisted"
"Lith W1 Flawless","-1","Unlisted"
"Meso N4 Exceptional","-1","Unlisted"
"Axi D1 Flawless","-1","Unlisted"
"Meso N7 Exceptional","-1","Unlisted"
"Axi P1 Flawless","-1","Unlisted"
"Neo Z3 Exceptional","-1","Unlisted"
"Neo N8 Flawless","-1","Unlisted"
"Meso N8 Exceptional","-1","Unlisted"
"Meso V4 Exceptional","-1","Unlisted"
"Lith V2 Exceptional","-1","Unlisted"
"Meso D1 Exceptional","-1","Unlisted"
"Lith L2 Flawless","-1","Unlisted"
"Lith G1 Flawless","-1","Unlisted"
"Meso N8 Flawless","-1","Unlisted"
"Axi S5 Flawless","-1","Unlisted"
"Meso D1 Flawless","-1","Unlisted"
"Axi M1 Exceptional","-1","Unlisted"
"Meso O2 Flawless","-1","Unlisted"
"Neo B4 Exceptional","-1","Unlisted"
"Lith Z1 Exceptional","-1","Unlisted"
"Lith F2 Flawless","-1","Unlisted"
"Lith S7 Flawless","-1","Unlisted"
"Meso W1 Exceptional","-1","Unlisted"
"Lith S7 Exceptional","-1","Unlisted"
"Axi P2 Flawless","-1","Unlisted"
"Neo V6 Flawless","-1","Unlisted"
"Lith C5 Flawless","-1","Unlisted"
"Axi V9 Flawless","-1","Unlisted"
"Axi V9 Exceptional","-1","Unlisted"
"Neo L1 Exceptional","-1","Unlisted"
"Lith Z1 Flawless","-1","Unlisted"
"Meso S5 Exceptional","-1","Unlisted"
"Neo S13 Flawless","-1","Unlisted"
"Neo Z1 Exceptional","-1","Unlisted"
"Lith G1 Exceptional","-1","Unlisted"
"Axi B2 Flawless","-1","Unlisted"
"Lith S3 Exceptional","-1","Unlisted"
"Axi K2 Flawless","-1","Unlisted"
"Axi P1 Exceptional","-1","Unlisted"
"Meso F2 Flawless","-1","Unlisted"
"Neo S5 Flawless","-1","Unlisted"
"Axi O2 Exceptional","-1","Unlisted"
"Neo V4 Flawless","-1","Unlisted"
"Meso T2 Flawless","-1","Unlisted"
"Lith S4 Flawless","-1","Unlisted"
"Meso R1 Exceptional","-1","Unlisted"
"Retarget","-1","Unlisted"
"Lith V5 Flawless","-1","Unlisted"
"Follow Through","-1","Unlisted"
"Neo S2 Exceptional","-1","Unlisted"
"Neo S2 Flawless","-1","Unlisted"
"Lith B2 Exceptional","-1","Unlisted"
"Meso C3 Radiant","-1","Unlisted"
"Axi N1 Flawless","-1","Unlisted"
"Lith V4 Exceptional","-1","Unlisted"
"Neo V3 Flawless","-1","Unlisted"
"Lith F2 Exceptional","-1","Unlisted"
"Lith T2 Flawless","-1","Unlisted"
"Lith F2 Radiant","-1","Unlisted"
"Axi V4 Flawless","-1","Unlisted"
"Meso S3 Exceptional","-1","Unlisted"
"Neo S1 Flawless","-1","Unlisted"
"Neo S1 Exceptional","-1","Unlisted"
"Meso O1 Exceptional","-1","Unlisted"
"Axi K4 Exceptional","-1","Unlisted"
"Neo S9 Exceptional","-1","Unlisted"
"Neo O1 Flawless","-1","Unlisted"
"Axi V8 Exceptional","-1","Unlisted"
"Neo V1 Exceptional","-1","Unlisted"
"Lith B3 Exceptional","-1","Unlisted"
"Neo B5 Flawless","-1","Unlisted"
"Lith L1 Exceptional","-1","Unlisted"
"Neo B5 Exceptional","-1","Unlisted"
"Axi H4 Flawless","-1","Unlisted"
"Lith B5 Exceptional","-1","Unlisted"
"Axi N5 Flawless","-1","Unlisted"
"Meso D3 Exceptional","-1","Unlisted"
"Neo K2 Radiant","-1","Unlisted"
"Neo H1 Exceptional","-1","Unlisted"
"Meso S2 Flawless","-1","Unlisted"
"Lith F1 Exceptional","-1","Unlisted"
"Neo S7 Exceptional","-1","Unlisted"
"Lith T1 Flawless","-1","Unlisted"
"Neo V2 Flawless","-1","Unlisted"
"Neo N2 Exceptional","-1","Unlisted"
"Axi O4 Flawless","-1","Unlisted"
"Meso S8 Radiant","-1","Unlisted"
"Lith P2 Flawless","-1","Unlisted"
"Neo N2 Flawless","-1","Unlisted"
"Lith O1 Flawless","-1","Unlisted"
"Neo V5 Flawless","-1","Unlisted"
"Axi A4 Flawless","-1","Unlisted"
"Neo H2 Radiant","-1","Unlisted"
"Axi H1 Exceptional","-1","Unlisted"
"Neo T1 Exceptional","-1","Unlisted"
"Axi C3 Flawless","-1","Unlisted"
"Stasis Field","-1","Unlisted"
"Neo S6 Exceptional","-1","Unlisted"
"Lith S1 Exceptional","-1","Unlisted"
"Meso O3 Flawless","-1","Unlisted"
"Neo G1 Flawless","-1","Unlisted"
"Meso S7 Flawless","-1","Unlisted"
"Axi O1 Flawless","-1","Unlisted"
"Lith K2 Flawless","-1","Unlisted"
"Neo A2 Exceptional","-1","Unlisted"
"Axi A4 Exceptional","-1","Unlisted"
"Meso P1 Exceptional","-1","Unlisted"
"Neo O1 Exceptional","-1","Unlisted"
"Neo M2 Flawless","-1","Unlisted"
"Axi K4 Flawless","-1","Unlisted"
"Neo A1 Flawless","-1","Unlisted"
"Lith Z2 Flawless","-1","Unlisted"
"Neo N6 Flawless","-1","Unlisted"
"Lith M1 Exceptional","-1","Unlisted"
"Axi N6 Flawless","-1","Unlisted"
"Lith M1 Flawless","-1","Unlisted"
"Lith C1 Exceptional","-1","Unlisted"
"Lith T2 Exceptional","-1","Unlisted"
"Neo A2 Flawless","-1","Unlisted"
"Meso D3 Flawless","-1","Unlisted"
"Neo N6 Exceptional","-1","Unlisted"
